a,b,a_radius,b_radius,a_lat,a_lng,b_lat,b_lng
golden gate bridge,forbidden city,100,100,37.8199,-122.4783,39.9163,116.3972
golden gate bridge,forbidden city,100,100,37.8199,-122.4783,39.9163,116.3972
golden gate bridge,forbidden city,100,100,37.8199,-122.4783,39.9163,116.3972
golden gate bridge,forbidden city,100,100,37.8199,-122.4783,39.9163,116.3972
golden gate bridge,forbidden city,100,100,37.8199,-122.4783,39.9163,116.3972
golden gate bridge,forbidden city,100,100,37.8199,-122.4783,39.9163,116.3972
golden gate bridge,forbidden city,100,100,37.8199,-122.4783,39.9163,116.3972
golden gate bridge,forbidden city,100,100,37.8199,-122.4783,39.9163,116.3972
golden gate bridge,forbidden city,100,100,37.8199,-122.4783,39.9163,116.3972
golden gate bridge,forbidden city,100,100,37.8199,-122.4783,39.9163,116.3972
golden gate bridge,forbidden city,100,100,37.8199,-122.4783,39.9163,116.3972
golden gate bridge,forbidden city,100,100,37.8199,-122.4783,39.9163,116.3972
golden gate bridge,forbidden city,100,100,37.8199,-122.4783,39.9163,116.3972
golden gate bridge,forbidden city,100,100,37.8199,-122.4783,39.9163,116.3972
golden gate bridge,forbidden city,100,100,37.8199,-122.4783,39.9163,116.3972
golden gate bridge,forbidden city,100,100,37.8199,-122.4783,39.9163,116.3972
golden gate bridge,forbidden city,100,100,37.8199,-122.4783,39.9163,116.3972
golden gate bridge,forbidden city,100,100,37.8199,-122.4783,39.9163,116.3972
golden gate bridge,forbidden city,100,100,37.8199,-122.4783,39.9163,116.3972
golden gate bridge,forbidden city,100,100,37.8199,-122.4783,39.9163,116.3972
golden gate bridge,forbidden city,100,100,37.8199,-122.4783,39.9163,116.3972
golden gate bridge,forbidden city,100,100,37.8199,-122.4783,39.9163,116.3972
golden gate bridge,forbidden city,100,100,37.8199,-122.4783,39.9163,116.3972
golden gate bridge,forbidden city,100,100,37.8199,-122.4783,39.9163,116.3972
golden gate bridge,forbidden city,100,100,37.8199,-122.4783,39.9163,116.3972
golden gate bridge,forbidden city,100,100,37.8199,-122.4783,39.9163,116.3972
golden gate bridge,forbidden city,100,100,37.8199,-122.4783,39.9163,116.3972
golden gate bridge,forbidden city,100,100,37.8199,-122.4783,39.9163,116.3972
golden gate bridge,forbidden city,100,100,37.8199,-122.4783,39.9163,116.3972
golden gate bridge,forbidden city,100,100,37.8199,-122.4783,39.9163,116.3972
golden gate bridge,forbidden city,100,100,37.8199,-122.4783,39.9163,116.3972
golden gate bridge,forbidden city,100,100,37.8199,-122.4783,39.9163,116.3972
golden gate bridge,forbidden city,100,100,37.8199,-122.4783,39.9163,116.3972
golden gate bridge,forbidden city,100,100,37.8199,-122.4783,39.9163,116.3972
golden gate bridge,forbidden city,100,100,37.8199,-122.4783,39.9163,116.3972
golden gate bridge,forbidden city,100,100,37.8199,-122.4783,39.9163,116.3972
golden gate bridge,forbidden city,100,100,37.8199,-122.4783,39.9163,116.3972
golden gate bridge,forbidden city,100,100,37.8199,-122.4783,39.9163,116.3972
golden gate bridge,forbidden city,100,100,37.8199,-122.4783,39.9163,116.3972
golden gate bridge,forbidden city,100,100,37.8199,-122.4783,39.9163,116.3972
golden gate bridge,forbidden city,100,100,37.8199,-122.4783,39.9163,116.3972
golden gate bridge,forbidden city,100,100,37.8199,-122.4783,39.9163,116.3972
golden gate bridge,forbidden city,100,100,37.8199,-122.4783,39.9163,116.3972
golden gate bridge,forbidden city,100,100,37.8199,-122.4783,39.9163,116.3972
golden gate bridge,forbidden city,100,100,37.8199,-122.4783,39.9163,116.3972
golden gate bridge,forbidden city,100,100,37.8199,-122.4783,39.9163,116.3972
golden gate bridge,forbidden city,100,100,37.8199,-122.4783,39.9163,116.3972
golden gate bridge,forbidden city,100,100,37.8199,-122.4783,39.9163,116.3972
golden gate bridge,forbidden city,100,100,37.8199,-122.4783,39.9163,116.3972
golden gate bridge,forbidden city,100,100,37.8199,-122.4783,39.9163,116.3972
golden gate bridge,forbidden city,100,100,37.8199,-122.4783,39.9163,116.3972
golden gate bridge,forbidden city,100,100,37.8199,-122.4783,39.9163,116.3972
golden gate bridge,forbidden city,100,100,37.8199,-122.4783,39.9163,116.3972
golden gate bridge,forbidden city,100,100,37.8199,-122.4783,39.9163,116.3972
golden gate bridge,forbidden city,100,100,37.8199,-122.4783,39.9163,116.3972
golden gate bridge,forbidden city,100,100,37.8199,-122.4783,39.9163,116.3972
golden gate bridge,forbidden city,100,100,37.8199,-122.4783,39.9163,116.3972
golden gate bridge,forbidden city,100,100,37.8199,-122.4783,39.9163,116.3972
golden gate bridge,forbidden city,100,100,37.8199,-122.4783,39.9163,116.3972
golden gate bridge,forbidden city,100,100,37.8199,-122.4783,39.9163,116.3972
golden gate bridge,forbidden city,100,100,37.8199,-122.4783,39.9163,116.3972
golden gate bridge,forbidden city,100,100,37.8199,-122.4783,39.9163,116.3972
golden gate bridge,forbidden city,100,100,37.8199,-122.4783,39.9163,116.3972
golden gate bridge,forbidden city,100,100,37.8199,-122.4783,39.9163,116.3972
golden gate bridge,forbidden city,100,100,37.8199,-122.4783,39.9163,116.3972
golden gate bridge,forbidden city,100,100,37.8199,-122.4783,39.9163,116.3972
golden gate bridge,forbidden city,100,100,37.8199,-122.4783,39.9163,116.3972
golden gate bridge,forbidden city,100,100,37.8199,-122.4783,39.9163,116.3972
golden gate bridge,forbidden city,100,100,37.8199,-122.4783,39.9163,116.3972
golden gate bridge,forbidden city,100,100,37.8199,-122.4783,39.9163,116.3972
golden gate bridge,forbidden city,100,100,37.8199,-122.4783,39.9163,116.3972
golden gate bridge,forbidden city,100,100,37.8199,-122.4783,39.9163,116.3972
golden gate bridge,forbidden city,100,100,37.8199,-122.4783,39.9163,116.3972
golden gate bridge,forbidden city,100,100,37.8199,-122.4783,39.9163,116.3972
golden gate bridge,forbidden city,100,100,37.8199,-122.4783,39.9163,116.3972
golden gate bridge,forbidden city,100,100,37.8199,-122.4783,39.9163,116.3972
golden gate bridge,forbidden city,100,100,37.8199,-122.4783,39.9163,116.3972
golden gate bridge,forbidden city,100,100,37.8199,-122.4783,39.9163,116.3972
golden gate bridge,forbidden city,100,100,37.8199,-122.4783,39.9163,116.3972
golden gate bridge,forbidden city,100,100,37.8199,-122.4783,39.9163,116.3972
golden gate bridge,forbidden city,100,100,37.8199,-122.4783,39.9163,116.3972
golden gate bridge,forbidden city,100,100,37.8199,-122.4783,39.9163,116.3972
golden gate bridge,forbidden city,100,100,37.8199,-122.4783,39.9163,116.3972
golden gate bridge,forbidden city,100,100,37.8199,-122.4783,39.9163,116.3972
golden gate bridge,forbidden city,100,100,37.8199,-122.4783,39.9163,116.3972
golden gate bridge,forbidden city,100,100,37.8199,-122.4783,39.9163,116.3972
golden gate bridge,forbidden city,100,100,37.8199,-122.4783,39.9163,116.3972
golden gate bridge,forbidden city,100,100,37.8199,-122.4783,39.9163,116.3972
golden gate bridge,forbidden city,100,100,37.8199,-122.4783,39.9163,116.3972
golden gate bridge,forbidden city,100,100,37.8199,-122.4783,39.9163,116.3972
golden gate bridge,forbidden city,100,100,37.8199,-122.4783,39.9163,116.3972
golden gate bridge,forbidden city,100,100,37.8199,-122.4783,39.9163,116.3972
golden gate bridge,forbidden city,100,100,37.8199,-122.4783,39.9163,116.3972
golden gate bridge,forbidden city,100,100,37.8199,-122.4783,39.9163,116.3972
golden gate bridge,forbidden city,100,100,37.8199,-122.4783,39.9163,116.3972
golden gate bridge,forbidden city,100,100,37.8199,-122.4783,39.9163,116.3972
golden gate bridge,forbidden city,100,100,37.8199,-122.4783,39.9163,116.3972
golden gate bridge,forbidden city,100,100,37.8199,-122.4783,39.9163,116.3972
golden gate bridge,forbidden city,100,100,37.8199,-122.4783,39.9163,116.3972
golden gate bridge,forbidden city,100,100,37.8199,-122.4783,39.9163,116.3972
golden gate bridge,forbidden city,100,100,37.8199,-122.4783,39.9163,116.3972
golden gate bridge,forbidden city,100,100,37.8199,-122.4783,39.9163,116.3972
golden gate bridge,forbidden city,100,100,37.8199,-122.4783,39.9163,116.3972
golden gate bridge,forbidden city,100,100,37.8199,-122.4783,39.9163,116.3972
golden gate bridge,forbidden city,100,100,37.8199,-122.4783,39.9163,116.3972
golden gate bridge,forbidden city,100,100,37.8199,-122.4783,39.9163,116.3972
golden gate bridge,forbidden city,100,100,37.8199,-122.4783,39.9163,116.3972
golden gate bridge,forbidden city,100,100,37.8199,-122.4783,39.9163,116.3972
golden gate bridge,forbidden city,100,100,37.8199,-122.4783,39.9163,116.3972
golden gate bridge,forbidden city,100,100,37.8199,-122.4783,39.9163,116.3972
golden gate bridge,forbidden city,100,100,37.8199,-122.4783,39.9163,116.3972
golden gate bridge,forbidden city,100,100,37.8199,-122.4783,39.9163,116.3972
golden gate bridge,forbidden city,100,100,37.8199,-122.4783,39.9163,116.3972
golden gate bridge,forbidden city,100,100,37.8199,-122.4783,39.9163,116.3972
golden gate bridge,forbidden city,100,100,37.8199,-122.4783,39.9163,116.3972
golden gate bridge,forbidden city,100,100,37.8199,-122.4783,39.9163,116.3972
golden gate bridge,forbidden city,100,100,37.8199,-122.4783,39.9163,116.3972
golden gate bridge,forbidden city,100,100,37.8199,-122.4783,39.9163,116.3972
golden gate bridge,forbidden city,100,100,37.8199,-122.4783,39.9163,116.3972
golden gate bridge,forbidden city,100,100,37.8199,-122.4783,39.9163,116.3972
golden gate bridge,forbidden city,100,100,37.8199,-122.4783,39.9163,116.3972
golden gate bridge,forbidden city,100,100,37.8199,-122.4783,39.9163,116.3972
golden gate bridge,forbidden city,100,100,37.8199,-122.4783,39.9163,116.3972
golden gate bridge,forbidden city,100,100,37.8199,-122.4783,39.9163,116.3972
golden gate bridge,forbidden city,100,100,37.8199,-122.4783,39.9163,116.3972
golden gate bridge,forbidden city,100,100,37.8199,-122.4783,39.9163,116.3972
golden gate bridge,forbidden city,100,100,37.8199,-122.4783,39.9163,116.3972
golden gate bridge,forbidden city,100,100,37.8199,-122.4783,39.9163,116.3972
golden gate bridge,forbidden city,100,100,37.8199,-122.4783,39.9163,116.3972
golden gate bridge,forbidden city,100,100,37.8199,-122.4783,39.9163,116.3972
golden gate bridge,forbidden city,100,100,37.8199,-122.4783,39.9163,116.3972
golden gate bridge,forbidden city,100,100,37.8199,-122.4783,39.9163,116.3972
golden gate bridge,forbidden city,100,100,37.8199,-122.4783,39.9163,116.3972
golden gate bridge,forbidden city,100,100,37.8199,-122.4783,39.9163,116.3972
golden gate bridge,forbidden city,100,100,37.8199,-122.4783,39.9163,116.3972
golden gate bridge,forbidden city,100,100,37.8199,-122.4783,39.9163,116.3972
golden gate bridge,forbidden city,100,100,37.8199,-122.4783,39.9163,116.3972
golden gate bridge,forbidden city,100,100,37.8199,-122.4783,39.9163,116.3972
golden gate bridge,forbidden city,100,100,37.8199,-122.4783,39.9163,116.3972
golden gate bridge,forbidden city,100,100,37.8199,-122.4783,39.9163,116.3972
golden gate bridge,forbidden city,100,100,37.8199,-122.4783,39.9163,116.3972
golden gate bridge,forbidden city,100,100,37.8199,-122.4783,39.9163,116.3972
golden gate bridge,forbidden city,100,100,37.8199,-122.4783,39.9163,116.3972
golden gate bridge,forbidden city,100,100,37.8199,-122.4783,39.9163,116.3972
golden gate bridge,forbidden city,100,100,37.8199,-122.4783,39.9163,116.3972
golden gate bridge,forbidden city,100,100,37.8199,-122.4783,39.9163,116.3972
golden gate bridge,forbidden city,100,100,37.8199,-122.4783,39.9163,116.3972
golden gate bridge,forbidden city,100,100,37.8199,-122.4783,39.9163,116.3972
golden gate bridge,forbidden city,100,100,37.8199,-122.4783,39.9163,116.3972
golden gate bridge,forbidden city,100,100,37.8199,-122.4783,39.9163,116.3972
golden gate bridge,forbidden city,100,100,37.8199,-122.4783,39.9163,116.3972
golden gate bridge,forbidden city,100,100,37.8199,-122.4783,39.9163,116.3972
golden gate bridge,forbidden city,100,100,37.8199,-122.4783,39.9163,116.3972
golden gate bridge,forbidden city,100,100,37.8199,-122.4783,39.9163,116.3972
golden gate bridge,forbidden city,100,100,37.8199,-122.4783,39.9163,116.3972
golden gate bridge,forbidden city,100,100,37.8199,-122.4783,39.9163,116.3972
golden gate bridge,forbidden city,100,100,37.8199,-122.4783,39.9163,116.3972
golden gate bridge,forbidden city,100,100,37.8199,-122.4783,39.9163,116.3972
golden gate bridge,forbidden city,100,100,37.8199,-122.4783,39.9163,116.3972
golden gate bridge,forbidden city,100,100,37.8199,-122.4783,39.9163,116.3972
golden gate bridge,forbidden city,100,100,37.8199,-122.4783,39.9163,116.3972
golden gate bridge,forbidden city,100,100,37.8199,-122.4783,39.9163,116.3972
golden gate bridge,forbidden city,100,100,37.8199,-122.4783,39.9163,116.3972
golden gate bridge,forbidden city,100,100,37.8199,-122.4783,39.9163,116.3972
golden gate bridge,forbidden city,100,100,37.8199,-122.4783,39.9163,116.3972
golden gate bridge,forbidden city,100,100,37.8199,-122.4783,39.9163,116.3972
golden gate bridge,forbidden city,100,100,37.8199,-122.4783,39.9163,116.3972
golden gate bridge,forbidden city,100,100,37.8199,-122.4783,39.9163,116.3972
golden gate bridge,forbidden city,100,100,37.8199,-122.4783,39.9163,116.3972
golden gate bridge,forbidden city,100,100,37.8199,-122.4783,39.9163,116.3972
golden gate bridge,forbidden city,100,100,37.8199,-122.4783,39.9163,116.3972
golden gate bridge,forbidden city,100,100,37.8199,-122.4783,39.9163,116.3972
golden gate bridge,forbidden city,100,100,37.8199,-122.4783,39.9163,116.3972
golden gate bridge,forbidden city,100,100,37.8199,-122.4783,39.9163,116.3972
golden gate bridge,forbidden city,100,100,37.8199,-122.4783,39.9163,116.3972
golden gate bridge,forbidden city,100,100,37.8199,-122.4783,39.9163,116.3972
golden gate bridge,forbidden city,100,100,37.8199,-122.4783,39.9163,116.3972
golden gate bridge,forbidden city,100,100,37.8199,-122.4783,39.9163,116.3972
golden gate bridge,forbidden city,100,100,37.8199,-122.4783,39.9163,116.3972
golden gate bridge,forbidden city,100,100,37.8199,-122.4783,39.9163,116.3972
golden gate bridge,forbidden city,100,100,37.8199,-122.4783,39.9163,116.3972
golden gate bridge,forbidden city,100,100,37.8199,-122.4783,39.9163,116.3972
golden gate bridge,forbidden city,100,100,37.8199,-122.4783,39.9163,116.3972
golden gate bridge,forbidden city,100,100,37.8199,-122.4783,39.9163,116.3972
golden gate bridge,forbidden city,100,100,37.8199,-122.4783,39.9163,116.3972
golden gate bridge,forbidden city,100,100,37.8199,-122.4783,39.9163,116.3972
golden gate bridge,forbidden city,100,100,37.8199,-122.4783,39.9163,116.3972
golden gate bridge,forbidden city,100,100,37.8199,-122.4783,39.9163,116.3972
golden gate bridge,forbidden city,100,100,37.8199,-122.4783,39.9163,116.3972
golden gate bridge,forbidden city,100,100,37.8199,-122.4783,39.9163,116.3972
golden gate bridge,forbidden city,100,100,37.8199,-122.4783,39.9163,116.3972
golden gate bridge,forbidden city,100,100,37.8199,-122.4783,39.9163,116.3972
golden gate bridge,forbidden city,100,100,37.8199,-122.4783,39.9163,116.3972
golden gate bridge,forbidden city,100,100,37.8199,-122.4783,39.9163,116.3972
golden gate bridge,forbidden city,100,100,37.8199,-122.4783,39.9163,116.3972
golden gate bridge,forbidden city,100,100,37.8199,-122.4783,39.9163,116.3972
golden gate bridge,forbidden city,100,100,37.8199,-122.4783,39.9163,116.3972
golden gate bridge,forbidden city,100,100,37.8199,-122.4783,39.9163,116.3972
golden gate bridge,forbidden city,100,100,37.8199,-122.4783,39.9163,116.3972
golden gate bridge,forbidden city,100,100,37.8199,-122.4783,39.9163,116.3972
golden gate bridge,forbidden city,100,100,37.8199,-122.4783,39.9163,116.3972
golden gate bridge,forbidden city,100,100,37.8199,-122.4783,39.9163,116.3972
golden gate bridge,forbidden city,100,100,37.8199,-122.4783,39.9163,116.3972
golden gate bridge,forbidden city,100,100,37.8199,-122.4783,39.9163,116.3972
golden gate bridge,forbidden city,100,100,37.8199,-122.4783,39.9163,116.3972
golden gate bridge,forbidden city,100,100,37.8199,-122.4783,39.9163,116.3972
golden gate bridge,forbidden city,100,100,37.8199,-122.4783,39.9163,116.3972
golden gate bridge,forbidden city,100,100,37.8199,-122.4783,39.9163,116.3972
golden gate bridge,forbidden city,100,100,37.8199,-122.4783,39.9163,116.3972
golden gate bridge,forbidden city,100,100,37.8199,-122.4783,39.9163,116.3972
golden gate bridge,forbidden city,100,100,37.8199,-122.4783,39.9163,116.3972
golden gate bridge,forbidden city,100,100,37.8199,-122.4783,39.9163,116.3972
golden gate bridge,forbidden city,100,100,37.8199,-122.4783,39.9163,116.3972
golden gate bridge,forbidden city,100,100,37.8199,-122.4783,39.9163,116.3972
golden gate bridge,forbidden city,100,100,37.8199,-122.4783,39.9163,116.3972
golden gate bridge,forbidden city,100,100,37.8199,-122.4783,39.9163,116.3972
golden gate bridge,forbidden city,100,100,37.8199,-122.4783,39.9163,116.3972
golden gate bridge,forbidden city,100,100,37.8199,-122.4783,39.9163,116.3972
golden gate bridge,forbidden city,100,100,37.8199,-122.4783,39.9163,116.3972
golden gate bridge,forbidden city,100,100,37.8199,-122.4783,39.9163,116.3972
golden gate bridge,forbidden city,100,100,37.8199,-122.4783,39.9163,116.3972
golden gate bridge,forbidden city,100,100,37.8199,-122.4783,39.9163,116.3972
golden gate bridge,forbidden city,100,100,37.8199,-122.4783,39.9163,116.3972
golden gate bridge,forbidden city,100,100,37.8199,-122.4783,39.9163,116.3972
golden gate bridge,forbidden city,100,100,37.8199,-122.4783,39.9163,116.3972
golden gate bridge,forbidden city,100,100,37.8199,-122.4783,39.9163,116.3972
golden gate bridge,forbidden city,100,100,37.8199,-122.4783,39.9163,116.3972
golden gate bridge,forbidden city,100,100,37.8199,-122.4783,39.9163,116.3972
golden gate bridge,forbidden city,100,100,37.8199,-122.4783,39.9163,116.3972
golden gate bridge,forbidden city,100,100,37.8199,-122.4783,39.9163,116.3972
golden gate bridge,forbidden city,100,100,37.8199,-122.4783,39.9163,116.3972
golden gate bridge,forbidden city,100,100,37.8199,-122.4783,39.9163,116.3972
golden gate bridge,forbidden city,100,100,37.8199,-122.4783,39.9163,116.3972
golden gate bridge,forbidden city,100,100,37.8199,-122.4783,39.9163,116.3972
golden gate bridge,forbidden city,100,100,37.8199,-122.4783,39.9163,116.3972
golden gate bridge,forbidden city,100,100,37.8199,-122.4783,39.9163,116.3972
golden gate bridge,forbidden city,100,100,37.8199,-122.4783,39.9163,116.3972
golden gate bridge,forbidden city,100,100,37.8199,-122.4783,39.9163,116.3972
golden gate bridge,forbidden city,100,100,37.8199,-122.4783,39.9163,116.3972
golden gate bridge,forbidden city,100,100,37.8199,-122.4783,39.9163,116.3972
golden gate bridge,forbidden city,100,100,37.8199,-122.4783,39.9163,116.3972
golden gate bridge,forbidden city,100,100,37.8199,-122.4783,39.9163,116.3972
golden gate bridge,forbidden city,100,100,37.8199,-122.4783,39.9163,116.3972
golden gate bridge,forbidden city,100,100,37.8199,-122.4783,39.9163,116.3972
golden gate bridge,forbidden city,100,100,37.8199,-122.4783,39.9163,116.3972
golden gate bridge,forbidden city,100,100,37.8199,-122.4783,39.9163,116.3972
golden gate bridge,forbidden city,100,100,37.8199,-122.4783,39.9163,116.3972
golden gate bridge,forbidden city,100,100,37.8199,-122.4783,39.9163,116.3972
golden gate bridge,forbidden city,100,100,37.8199,-122.4783,39.9163,116.3972
golden gate bridge,forbidden city,100,100,37.8199,-122.4783,39.9163,116.3972
golden gate bridge,forbidden city,100,100,37.8199,-122.4783,39.9163,116.3972
golden gate bridge,forbidden city,100,100,37.8199,-122.4783,39.9163,116.3972
golden gate bridge,forbidden city,100,100,37.8199,-122.4783,39.9163,116.3972
golden gate bridge,forbidden city,100,100,37.8199,-122.4783,39.9163,116.3972
golden gate bridge,forbidden city,100,100,37.8199,-122.4783,39.9163,116.3972
golden gate bridge,forbidden city,100,100,37.8199,-122.4783,39.9163,116.3972
golden gate bridge,forbidden city,100,100,37.8199,-122.4783,39.9163,116.3972
golden gate bridge,forbidden city,100,100,37.8199,-122.4783,39.9163,116.3972
golden gate bridge,forbidden city,100,100,37.8199,-122.4783,39.9163,116.3972
golden gate bridge,forbidden city,100,100,37.8199,-122.4783,39.9163,116.3972
golden gate bridge,forbidden city,100,100,37.8199,-122.4783,39.9163,116.3972
golden gate bridge,forbidden city,100,100,37.8199,-122.4783,39.9163,116.3972
golden gate bridge,forbidden city,100,100,37.8199,-122.4783,39.9163,116.3972
golden gate bridge,forbidden city,100,100,37.8199,-122.4783,39.9163,116.3972
golden gate bridge,forbidden city,100,100,37.8199,-122.4783,39.9163,116.3972
golden gate bridge,forbidden city,100,100,37.8199,-122.4783,39.9163,116.3972
golden gate bridge,forbidden city,100,100,37.8199,-122.4783,39.9163,116.3972
golden gate bridge,forbidden city,100,100,37.8199,-122.4783,39.9163,116.3972
golden gate bridge,forbidden city,100,100,37.8199,-122.4783,39.9163,116.3972
golden gate bridge,forbidden city,100,100,37.8199,-122.4783,39.9163,116.3972
golden gate bridge,forbidden city,100,100,37.8199,-122.4783,39.9163,116.3972
golden gate bridge,forbidden city,100,100,37.8199,-122.4783,39.9163,116.3972
golden gate bridge,forbidden city,100,100,37.8199,-122.4783,39.9163,116.3972
golden gate bridge,forbidden city,100,100,37.8199,-122.4783,39.9163,116.3972
golden gate bridge,forbidden city,100,100,37.8199,-122.4783,39.9163,116.3972
golden gate bridge,forbidden city,100,100,37.8199,-122.4783,39.9163,116.3972
golden gate bridge,forbidden city,100,100,37.8199,-122.4783,39.9163,116.3972
golden gate bridge,forbidden city,100,100,37.8199,-122.4783,39.9163,116.3972
golden gate bridge,forbidden city,100,100,37.8199,-122.4783,39.9163,116.3972
golden gate bridge,forbidden city,100,100,37.8199,-122.4783,39.9163,116.3972
golden gate bridge,forbidden city,100,100,37.8199,-122.4783,39.9163,116.3972
golden gate bridge,forbidden city,100,100,37.8199,-122.4783,39.9163,116.3972
golden gate bridge,forbidden city,100,100,37.8199,-122.4783,39.9163,116.3972
golden gate bridge,forbidden city,100,100,37.8199,-122.4783,39.9163,116.3972
golden gate bridge,forbidden city,100,100,37.8199,-122.4783,39.9163,116.3972
golden gate bridge,forbidden city,100,100,37.8199,-122.4783,39.9163,116.3972
golden gate bridge,forbidden city,100,100,37.8199,-122.4783,39.9163,116.3972
golden gate bridge,forbidden city,100,100,37.8199,-122.4783,39.9163,116.3972
golden gate bridge,forbidden city,100,100,37.8199,-122.4783,39.9163,116.3972
golden gate bridge,forbidden city,100,100,37.8199,-122.4783,39.9163,116.3972
golden gate bridge,forbidden city,100,100,37.8199,-122.4783,39.9163,116.3972
golden gate bridge,forbidden city,100,100,37.8199,-122.4783,39.9163,116.3972
golden gate bridge,forbidden city,100,100,37.8199,-122.4783,39.9163,116.3972
golden gate bridge,forbidden city,100,100,37.8199,-122.4783,39.9163,116.3972
golden gate bridge,forbidden city,100,100,37.8199,-122.4783,39.9163,116.3972
golden gate bridge,forbidden city,100,100,37.8199,-122.4783,39.9163,116.3972
golden gate bridge,forbidden city,100,100,37.8199,-122.4783,39.9163,116.3972
golden gate bridge,forbidden city,100,100,37.8199,-122.4783,39.9163,116.3972
golden gate bridge,forbidden city,100,100,37.8199,-122.4783,39.9163,116.3972
golden gate bridge,forbidden city,100,100,37.8199,-122.4783,39.9163,116.3972
golden gate bridge,forbidden city,100,100,37.8199,-122.4783,39.9163,116.3972
golden gate bridge,forbidden city,100,100,37.8199,-122.4783,39.9163,116.3972
golden gate bridge,forbidden city,100,100,37.8199,-122.4783,39.9163,116.3972
golden gate bridge,forbidden city,100,100,37.8199,-122.4783,39.9163,116.3972
golden gate bridge,forbidden city,100,100,37.8199,-122.4783,39.9163,116.3972
golden gate bridge,forbidden city,100,100,37.8199,-122.4783,39.9163,116.3972
golden gate bridge,forbidden city,100,100,37.8199,-122.4783,39.9163,116.3972
golden gate bridge,forbidden city,100,100,37.8199,-122.4783,39.9163,116.3972
golden gate bridge,forbidden city,100,100,37.8199,-122.4783,39.9163,116.3972
golden gate bridge,forbidden city,100,100,37.8199,-122.4783,39.9163,116.3972
golden gate bridge,forbidden city,100,100,37.8199,-122.4783,39.9163,116.3972
golden gate bridge,forbidden city,100,100,37.8199,-122.4783,39.9163,116.3972
golden gate bridge,forbidden city,100,100,37.8199,-122.4783,39.9163,116.3972
golden gate bridge,forbidden city,100,100,37.8199,-122.4783,39.9163,116.3972
golden gate bridge,forbidden city,100,100,37.8199,-122.4783,39.9163,116.3972
golden gate bridge,forbidden city,100,100,37.8199,-122.4783,39.9163,116.3972
golden gate bridge,forbidden city,100,100,37.8199,-122.4783,39.9163,116.3972
golden gate bridge,forbidden city,100,100,37.8199,-122.4783,39.9163,116.3972
golden gate bridge,forbidden city,100,100,37.8199,-122.4783,39.9163,116.3972
golden gate bridge,forbidden city,100,100,37.8199,-122.4783,39.9163,116.3972
golden gate bridge,forbidden city,100,100,37.8199,-122.4783,39.9163,116.3972
golden gate bridge,forbidden city,100,100,37.8199,-122.4783,39.9163,116.3972
golden gate bridge,forbidden city,100,100,37.8199,-122.4783,39.9163,116.3972
golden gate bridge,forbidden city,100,100,37.8199,-122.4783,39.9163,116.3972
golden gate bridge,forbidden city,100,100,37.8199,-122.4783,39.9163,116.3972
golden gate bridge,forbidden city,100,100,37.8199,-122.4783,39.9163,116.3972
golden gate bridge,forbidden city,100,100,37.8199,-122.4783,39.9163,116.3972
golden gate bridge,forbidden city,100,100,37.8199,-122.4783,39.9163,116.3972
golden gate bridge,forbidden city,100,100,37.8199,-122.4783,39.9163,116.3972
golden gate bridge,forbidden city,100,100,37.8199,-122.4783,39.9163,116.3972
golden gate bridge,forbidden city,100,100,37.8199,-122.4783,39.9163,116.3972
golden gate bridge,forbidden city,100,100,37.8199,-122.4783,39.9163,116.3972
golden gate bridge,forbidden city,100,100,37.8199,-122.4783,39.9163,116.3972
golden gate bridge,forbidden city,100,100,37.8199,-122.4783,39.9163,116.3972
golden gate bridge,forbidden city,100,100,37.8199,-122.4783,39.9163,116.3972
golden gate bridge,forbidden city,100,100,37.8199,-122.4783,39.9163,116.3972
golden gate bridge,forbidden city,100,100,37.8199,-122.4783,39.9163,116.3972
golden gate bridge,forbidden city,100,100,37.8199,-122.4783,39.9163,116.3972
golden gate bridge,forbidden city,100,100,37.8199,-122.4783,39.9163,116.3972
golden gate bridge,forbidden city,100,100,37.8199,-122.4783,39.9163,116.3972
golden gate bridge,forbidden city,100,100,37.8199,-122.4783,39.9163,116.3972
golden gate bridge,forbidden city,100,100,37.8199,-122.4783,39.9163,116.3972
golden gate bridge,forbidden city,100,100,37.8199,-122.4783,39.9163,116.3972
golden gate bridge,forbidden city,100,100,37.8199,-122.4783,39.9163,116.3972
golden gate bridge,forbidden city,100,100,37.8199,-122.4783,39.9163,116.3972
golden gate bridge,forbidden city,100,100,37.8199,-122.4783,39.9163,116.3972
golden gate bridge,forbidden city,100,100,37.8199,-122.4783,39.9163,116.3972
golden gate bridge,forbidden city,100,100,37.8199,-122.4783,39.9163,116.3972
golden gate bridge,forbidden city,100,100,37.8199,-122.4783,39.9163,116.3972
golden gate bridge,forbidden city,100,100,37.8199,-122.4783,39.9163,116.3972
golden gate bridge,forbidden city,100,100,37.8199,-122.4783,39.9163,116.3972
golden gate bridge,forbidden city,100,100,37.8199,-122.4783,39.9163,116.3972
golden gate bridge,forbidden city,100,100,37.8199,-122.4783,39.9163,116.3972
golden gate bridge,forbidden city,100,100,37.8199,-122.4783,39.9163,116.3972
golden gate bridge,forbidden city,100,100,37.8199,-122.4783,39.9163,116.3972
golden gate bridge,forbidden city,100,100,37.8199,-122.4783,39.9163,116.3972
golden gate bridge,forbidden city,100,100,37.8199,-122.4783,39.9163,116.3972
golden gate bridge,forbidden city,100,100,37.8199,-122.4783,39.9163,116.3972
golden gate bridge,forbidden city,100,100,37.8199,-122.4783,39.9163,116.3972
golden gate bridge,forbidden city,100,100,37.8199,-122.4783,39.9163,116.3972
golden gate bridge,forbidden city,100,100,37.8199,-122.4783,39.9163,116.3972
golden gate bridge,forbidden city,100,100,37.8199,-122.4783,39.9163,116.3972
golden gate bridge,forbidden city,100,100,37.8199,-122.4783,39.9163,116.3972
golden gate bridge,forbidden city,100,100,37.8199,-122.4783,39.9163,116.3972
golden gate bridge,forbidden city,100,100,37.8199,-122.4783,39.9163,116.3972
golden gate bridge,forbidden city,100,100,37.8199,-122.4783,39.9163,116.3972
golden gate bridge,forbidden city,100,100,37.8199,-122.4783,39.9163,116.3972
golden gate bridge,forbidden city,100,100,37.8199,-122.4783,39.9163,116.3972
golden gate bridge,forbidden city,100,100,37.8199,-122.4783,39.9163,116.3972
golden gate bridge,forbidden city,100,100,37.8199,-122.4783,39.9163,116.3972
golden gate bridge,forbidden city,100,100,37.8199,-122.4783,39.9163,116.3972
golden gate bridge,forbidden city,100,100,37.8199,-122.4783,39.9163,116.3972
golden gate bridge,forbidden city,100,100,37.8199,-122.4783,39.9163,116.3972
golden gate bridge,forbidden city,100,100,37.8199,-122.4783,39.9163,116.3972
golden gate bridge,forbidden city,100,100,37.8199,-122.4783,39.9163,116.3972
golden gate bridge,forbidden city,100,100,37.8199,-122.4783,39.9163,116.3972
golden gate bridge,forbidden city,100,100,37.8199,-122.4783,39.9163,116.3972
golden gate bridge,forbidden city,100,100,37.8199,-122.4783,39.9163,116.3972
golden gate bridge,forbidden city,100,100,37.8199,-122.4783,39.9163,116.3972
golden gate bridge,forbidden city,100,100,37.8199,-122.4783,39.9163,116.3972
golden gate bridge,forbidden city,100,100,37.8199,-122.4783,39.9163,116.3972
golden gate bridge,forbidden city,100,100,37.8199,-122.4783,39.9163,116.3972
golden gate bridge,forbidden city,100,100,37.8199,-122.4783,39.9163,116.3972
golden gate bridge,forbidden city,100,100,37.8199,-122.4783,39.9163,116.3972
golden gate bridge,forbidden city,100,100,37.8199,-122.4783,39.9163,116.3972
golden gate bridge,forbidden city,100,100,37.8199,-122.4783,39.9163,116.3972
golden gate bridge,forbidden city,100,100,37.8199,-122.4783,39.9163,116.3972
golden gate bridge,forbidden city,100,100,37.8199,-122.4783,39.9163,116.3972
golden gate bridge,forbidden city,100,100,37.8199,-122.4783,39.9163,116.3972
golden gate bridge,forbidden city,100,100,37.8199,-122.4783,39.9163,116.3972
golden gate bridge,forbidden city,100,100,37.8199,-122.4783,39.9163,116.3972
golden gate bridge,forbidden city,100,100,37.8199,-122.4783,39.9163,116.3972
golden gate bridge,forbidden city,100,100,37.8199,-122.4783,39.9163,116.3972
golden gate bridge,forbidden city,100,100,37.8199,-122.4783,39.9163,116.3972
golden gate bridge,forbidden city,100,100,37.8199,-122.4783,39.9163,116.3972
golden gate bridge,forbidden city,100,100,37.8199,-122.4783,39.9163,116.3972
golden gate bridge,forbidden city,100,100,37.8199,-122.4783,39.9163,116.3972
golden gate bridge,forbidden city,100,100,37.8199,-122.4783,39.9163,116.3972
golden gate bridge,forbidden city,100,100,37.8199,-122.4783,39.9163,116.3972
golden gate bridge,forbidden city,100,100,37.8199,-122.4783,39.9163,116.3972
golden gate bridge,forbidden city,100,100,37.8199,-122.4783,39.9163,116.3972
golden gate bridge,forbidden city,100,100,37.8199,-122.4783,39.9163,116.3972
golden gate bridge,forbidden city,100,100,37.8199,-122.4783,39.9163,116.3972
golden gate bridge,forbidden city,100,100,37.8199,-122.4783,39.9163,116.3972
golden gate bridge,forbidden city,100,100,37.8199,-122.4783,39.9163,116.3972
golden gate bridge,forbidden city,100,100,37.8199,-122.4783,39.9163,116.3972
golden gate bridge,forbidden city,100,100,37.8199,-122.4783,39.9163,116.3972
golden gate bridge,forbidden city,100,100,37.8199,-122.4783,39.9163,116.3972
golden gate bridge,forbidden city,100,100,37.8199,-122.4783,39.9163,116.3972
golden gate bridge,forbidden city,100,100,37.8199,-122.4783,39.9163,116.3972
golden gate bridge,forbidden city,100,100,37.8199,-122.4783,39.9163,116.3972
golden gate bridge,forbidden city,100,100,37.8199,-122.4783,39.9163,116.3972
golden gate bridge,forbidden city,100,100,37.8199,-122.4783,39.9163,116.3972
golden gate bridge,forbidden city,100,100,37.8199,-122.4783,39.9163,116.3972
golden gate bridge,forbidden city,100,100,37.8199,-122.4783,39.9163,116.3972
golden gate bridge,forbidden city,100,100,37.8199,-122.4783,39.9163,116.3972
golden gate bridge,forbidden city,100,100,37.8199,-122.4783,39.9163,116.3972
golden gate bridge,forbidden city,100,100,37.8199,-122.4783,39.9163,116.3972
golden gate bridge,forbidden city,100,100,37.8199,-122.4783,39.9163,116.3972
golden gate bridge,forbidden city,100,100,37.8199,-122.4783,39.9163,116.3972
golden gate bridge,forbidden city,100,100,37.8199,-122.4783,39.9163,116.3972
golden gate bridge,forbidden city,100,100,37.8199,-122.4783,39.9163,116.3972
golden gate bridge,forbidden city,100,100,37.8199,-122.4783,39.9163,116.3972
golden gate bridge,forbidden city,100,100,37.8199,-122.4783,39.9163,116.3972
golden gate bridge,forbidden city,100,100,37.8199,-122.4783,39.9163,116.3972
golden gate bridge,forbidden city,100,100,37.8199,-122.4783,39.9163,116.3972
golden gate bridge,forbidden city,100,100,37.8199,-122.4783,39.9163,116.3972
golden gate bridge,forbidden city,100,100,37.8199,-122.4783,39.9163,116.3972
golden gate bridge,forbidden city,100,100,37.8199,-122.4783,39.9163,116.3972
golden gate bridge,forbidden city,100,100,37.8199,-122.4783,39.9163,116.3972
golden gate bridge,forbidden city,100,100,37.8199,-122.4783,39.9163,116.3972
golden gate bridge,forbidden city,100,100,37.8199,-122.4783,39.9163,116.3972
golden gate bridge,forbidden city,100,100,37.8199,-122.4783,39.9163,116.3972
golden gate bridge,forbidden city,100,100,37.8199,-122.4783,39.9163,116.3972
golden gate bridge,forbidden city,100,100,37.8199,-122.4783,39.9163,116.3972
golden gate bridge,forbidden city,100,100,37.8199,-122.4783,39.9163,116.3972
golden gate bridge,forbidden city,100,100,37.8199,-122.4783,39.9163,116.3972
golden gate bridge,forbidden city,100,100,37.8199,-122.4783,39.9163,116.3972
golden gate bridge,forbidden city,100,100,37.8199,-122.4783,39.9163,116.3972
golden gate bridge,forbidden city,100,100,37.8199,-122.4783,39.9163,116.3972
golden gate bridge,forbidden city,100,100,37.8199,-122.4783,39.9163,116.3972
golden gate bridge,forbidden city,100,100,37.8199,-122.4783,39.9163,116.3972
golden gate bridge,forbidden city,100,100,37.8199,-122.4783,39.9163,116.3972
golden gate bridge,forbidden city,100,100,37.8199,-122.4783,39.9163,116.3972
golden gate bridge,forbidden city,100,100,37.8199,-122.4783,39.9163,116.3972
golden gate bridge,forbidden city,100,100,37.8199,-122.4783,39.9163,116.3972
golden gate bridge,forbidden city,100,100,37.8199,-122.4783,39.9163,116.3972
golden gate bridge,forbidden city,100,100,37.8199,-122.4783,39.9163,116.3972
golden gate bridge,forbidden city,100,100,37.8199,-122.4783,39.9163,116.3972
golden gate bridge,forbidden city,100,100,37.8199,-122.4783,39.9163,116.3972
golden gate bridge,forbidden city,100,100,37.8199,-122.4783,39.9163,116.3972
golden gate bridge,forbidden city,100,100,37.8199,-122.4783,39.9163,116.3972
golden gate bridge,forbidden city,100,100,37.8199,-122.4783,39.9163,116.3972
golden gate bridge,forbidden city,100,100,37.8199,-122.4783,39.9163,116.3972
golden gate bridge,forbidden city,100,100,37.8199,-122.4783,39.9163,116.3972
golden gate bridge,forbidden city,100,100,37.8199,-122.4783,39.9163,116.3972
golden gate bridge,forbidden city,100,100,37.8199,-122.4783,39.9163,116.3972
golden gate bridge,forbidden city,100,100,37.8199,-122.4783,39.9163,116.3972
golden gate bridge,forbidden city,100,100,37.8199,-122.4783,39.9163,116.3972
golden gate bridge,forbidden city,100,100,37.8199,-122.4783,39.9163,116.3972
golden gate bridge,forbidden city,100,100,37.8199,-122.4783,39.9163,116.3972
golden gate bridge,forbidden city,100,100,37.8199,-122.4783,39.9163,116.3972
golden gate bridge,forbidden city,100,100,37.8199,-122.4783,39.9163,116.3972
golden gate bridge,forbidden city,100,100,37.8199,-122.4783,39.9163,116.3972
golden gate bridge,forbidden city,100,100,37.8199,-122.4783,39.9163,116.3972
golden gate bridge,forbidden city,100,100,37.8199,-122.4783,39.9163,116.3972
golden gate bridge,forbidden city,100,100,37.8199,-122.4783,39.9163,116.3972
golden gate bridge,forbidden city,100,100,37.8199,-122.4783,39.9163,116.3972
golden gate bridge,forbidden city,100,100,37.8199,-122.4783,39.9163,116.3972
golden gate bridge,forbidden city,100,100,37.8199,-122.4783,39.9163,116.3972
golden gate bridge,forbidden city,100,100,37.8199,-122.4783,39.9163,116.3972
golden gate bridge,forbidden city,100,100,37.8199,-122.4783,39.9163,116.3972
golden gate bridge,forbidden city,100,100,37.8199,-122.4783,39.9163,116.3972
golden gate bridge,forbidden city,100,100,37.8199,-122.4783,39.9163,116.3972
golden gate bridge,forbidden city,100,100,37.8199,-122.4783,39.9163,116.3972
golden gate bridge,forbidden city,100,100,37.8199,-122.4783,39.9163,116.3972
golden gate bridge,forbidden city,100,100,37.8199,-122.4783,39.9163,116.3972
golden gate bridge,forbidden city,100,100,37.8199,-122.4783,39.9163,116.3972
golden gate bridge,forbidden city,100,100,37.8199,-122.4783,39.9163,116.3972
golden gate bridge,forbidden city,100,100,37.8199,-122.4783,39.9163,116.3972
golden gate bridge,forbidden city,100,100,37.8199,-122.4783,39.9163,116.3972
golden gate bridge,forbidden city,100,100,37.8199,-122.4783,39.9163,116.3972
golden gate bridge,forbidden city,100,100,37.8199,-122.4783,39.9163,116.3972
golden gate bridge,forbidden city,100,100,37.8199,-122.4783,39.9163,116.3972
golden gate bridge,forbidden city,100,100,37.8199,-122.4783,39.9163,116.3972
golden gate bridge,forbidden city,100,100,37.8199,-122.4783,39.9163,116.3972
golden gate bridge,forbidden city,100,100,37.8199,-122.4783,39.9163,116.3972
golden gate bridge,forbidden city,100,100,37.8199,-122.4783,39.9163,116.3972
golden gate bridge,forbidden city,100,100,37.8199,-122.4783,39.9163,116.3972
golden gate bridge,forbidden city,100,100,37.8199,-122.4783,39.9163,116.3972
golden gate bridge,forbidden city,100,100,37.8199,-122.4783,39.9163,116.3972
golden gate bridge,forbidden city,100,100,37.8199,-122.4783,39.9163,116.3972
golden gate bridge,forbidden city,100,100,37.8199,-122.4783,39.9163,116.3972
golden gate bridge,forbidden city,100,100,37.8199,-122.4783,39.9163,116.3972
golden gate bridge,forbidden city,100,100,37.8199,-122.4783,39.9163,116.3972
golden gate bridge,forbidden city,100,100,37.8199,-122.4783,39.9163,116.3972
golden gate bridge,forbidden city,100,100,37.8199,-122.4783,39.9163,116.3972
golden gate bridge,forbidden city,100,100,37.8199,-122.4783,39.9163,116.3972
golden gate bridge,forbidden city,100,100,37.8199,-122.4783,39.9163,116.3972
golden gate bridge,forbidden city,100,100,37.8199,-122.4783,39.9163,116.3972
golden gate bridge,forbidden city,100,100,37.8199,-122.4783,39.9163,116.3972
golden gate bridge,forbidden city,100,100,37.8199,-122.4783,39.9163,116.3972
golden gate bridge,forbidden city,100,100,37.8199,-122.4783,39.9163,116.3972
golden gate bridge,forbidden city,100,100,37.8199,-122.4783,39.9163,116.3972
golden gate bridge,forbidden city,100,100,37.8199,-122.4783,39.9163,116.3972
golden gate bridge,forbidden city,100,100,37.8199,-122.4783,39.9163,116.3972
golden gate bridge,forbidden city,100,100,37.8199,-122.4783,39.9163,116.3972
golden gate bridge,forbidden city,100,100,37.8199,-122.4783,39.9163,116.3972
golden gate bridge,forbidden city,100,100,37.8199,-122.4783,39.9163,116.3972
golden gate bridge,forbidden city,100,100,37.8199,-122.4783,39.9163,116.3972
golden gate bridge,forbidden city,100,100,37.8199,-122.4783,39.9163,116.3972
golden gate bridge,forbidden city,100,100,37.8199,-122.4783,39.9163,116.3972
golden gate bridge,forbidden city,100,100,37.8199,-122.4783,39.9163,116.3972
golden gate bridge,forbidden city,100,100,37.8199,-122.4783,39.9163,116.3972
golden gate bridge,forbidden city,100,100,37.8199,-122.4783,39.9163,116.3972
golden gate bridge,forbidden city,100,100,37.8199,-122.4783,39.9163,116.3972
golden gate bridge,forbidden city,100,100,37.8199,-122.4783,39.9163,116.3972
golden gate bridge,forbidden city,100,100,37.8199,-122.4783,39.9163,116.3972
golden gate bridge,forbidden city,100,100,37.8199,-122.4783,39.9163,116.3972
golden gate bridge,forbidden city,100,100,37.8199,-122.4783,39.9163,116.3972
golden gate bridge,forbidden city,100,100,37.8199,-122.4783,39.9163,116.3972
golden gate bridge,forbidden city,100,100,37.8199,-122.4783,39.9163,116.3972
golden gate bridge,forbidden city,100,100,37.8199,-122.4783,39.9163,116.3972
golden gate bridge,forbidden city,100,100,37.8199,-122.4783,39.9163,116.3972
golden gate bridge,forbidden city,100,100,37.8199,-122.4783,39.9163,116.3972
golden gate bridge,forbidden city,100,100,37.8199,-122.4783,39.9163,116.3972
golden gate bridge,forbidden city,100,100,37.8199,-122.4783,39.9163,116.3972
golden gate bridge,forbidden city,100,100,37.8199,-122.4783,39.9163,116.3972
golden gate bridge,forbidden city,100,100,37.8199,-122.4783,39.9163,116.3972
golden gate bridge,forbidden city,100,100,37.8199,-122.4783,39.9163,116.3972
golden gate bridge,forbidden city,100,100,37.8199,-122.4783,39.9163,116.3972
golden gate bridge,forbidden city,100,100,37.8199,-122.4783,39.9163,116.3972
golden gate bridge,forbidden city,100,100,37.8199,-122.4783,39.9163,116.3972
golden gate bridge,forbidden city,100,100,37.8199,-122.4783,39.9163,116.3972
golden gate bridge,forbidden city,100,100,37.8199,-122.4783,39.9163,116.3972
golden gate bridge,forbidden city,100,100,37.8199,-122.4783,39.9163,116.3972
golden gate bridge,forbidden city,100,100,37.8199,-122.4783,39.9163,116.3972
golden gate bridge,forbidden city,100,100,37.8199,-122.4783,39.9163,116.3972
golden gate bridge,forbidden city,100,100,37.8199,-122.4783,39.9163,116.3972
golden gate bridge,forbidden city,100,100,37.8199,-122.4783,39.9163,116.3972
golden gate bridge,forbidden city,100,100,37.8199,-122.4783,39.9163,116.3972
golden gate bridge,forbidden city,100,100,37.8199,-122.4783,39.9163,116.3972
golden gate bridge,forbidden city,100,100,37.8199,-122.4783,39.9163,116.3972
golden gate bridge,forbidden city,100,100,37.8199,-122.4783,39.9163,116.3972
golden gate bridge,forbidden city,100,100,37.8199,-122.4783,39.9163,116.3972
golden gate bridge,forbidden city,100,100,37.8199,-122.4783,39.9163,116.3972
golden gate bridge,forbidden city,100,100,37.8199,-122.4783,39.9163,116.3972
golden gate bridge,forbidden city,100,100,37.8199,-122.4783,39.9163,116.3972
golden gate bridge,forbidden city,100,100,37.8199,-122.4783,39.9163,116.3972
golden gate bridge,forbidden city,100,100,37.8199,-122.4783,39.9163,116.3972
golden gate bridge,forbidden city,100,100,37.8199,-122.4783,39.9163,116.3972
golden gate bridge,forbidden city,100,100,37.8199,-122.4783,39.9163,116.3972
golden gate bridge,forbidden city,100,100,37.8199,-122.4783,39.9163,116.3972
golden gate bridge,forbidden city,100,100,37.8199,-122.4783,39.9163,116.3972
golden gate bridge,forbidden city,100,100,37.8199,-122.4783,39.9163,116.3972
golden gate bridge,forbidden city,100,100,37.8199,-122.4783,39.9163,116.3972
golden gate bridge,forbidden city,100,100,37.8199,-122.4783,39.9163,116.3972
golden gate bridge,forbidden city,100,100,37.8199,-122.4783,39.9163,116.3972
golden gate bridge,forbidden city,100,100,37.8199,-122.4783,39.9163,116.3972
golden gate bridge,forbidden city,100,100,37.8199,-122.4783,39.9163,116.3972
golden gate bridge,forbidden city,100,100,37.8199,-122.4783,39.9163,116.3972
golden gate bridge,forbidden city,100,100,37.8199,-122.4783,39.9163,116.3972
golden gate bridge,forbidden city,100,100,37.8199,-122.4783,39.9163,116.3972
golden gate bridge,forbidden city,100,100,37.8199,-122.4783,39.9163,116.3972
golden gate bridge,forbidden city,100,100,37.8199,-122.4783,39.9163,116.3972
golden gate bridge,forbidden city,100,100,37.8199,-122.4783,39.9163,116.3972
golden gate bridge,forbidden city,100,100,37.8199,-122.4783,39.9163,116.3972
golden gate bridge,forbidden city,100,100,37.8199,-122.4783,39.9163,116.3972
golden gate bridge,forbidden city,100,100,37.8199,-122.4783,39.9163,116.3972
golden gate bridge,forbidden city,100,100,37.8199,-122.4783,39.9163,116.3972
golden gate bridge,forbidden city,100,100,37.8199,-122.4783,39.9163,116.3972
golden gate bridge,forbidden city,100,100,37.8199,-122.4783,39.9163,116.3972
golden gate bridge,forbidden city,100,100,37.8199,-122.4783,39.9163,116.3972
golden gate bridge,forbidden city,100,100,37.8199,-122.4783,39.9163,116.3972
golden gate bridge,forbidden city,100,100,37.8199,-122.4783,39.9163,116.3972
golden gate bridge,forbidden city,100,100,37.8199,-122.4783,39.9163,116.3972
golden gate bridge,forbidden city,100,100,37.8199,-122.4783,39.9163,116.3972
golden gate bridge,forbidden city,100,100,37.8199,-122.4783,39.9163,116.3972
golden gate bridge,forbidden city,100,100,37.8199,-122.4783,39.9163,116.3972
golden gate bridge,forbidden city,100,100,37.8199,-122.4783,39.9163,116.3972
golden gate bridge,forbidden city,100,100,37.8199,-122.4783,39.9163,116.3972
golden gate bridge,forbidden city,100,100,37.8199,-122.4783,39.9163,116.3972
golden gate bridge,forbidden city,100,100,37.8199,-122.4783,39.9163,116.3972
golden gate bridge,forbidden city,100,100,37.8199,-122.4783,39.9163,116.3972
golden gate bridge,forbidden city,100,100,37.8199,-122.4783,39.9163,116.3972
golden gate bridge,forbidden city,100,100,37.8199,-122.4783,39.9163,116.3972
golden gate bridge,forbidden city,100,100,37.8199,-122.4783,39.9163,116.3972
golden gate bridge,forbidden city,100,100,37.8199,-122.4783,39.9163,116.3972
golden gate bridge,forbidden city,100,100,37.8199,-122.4783,39.9163,116.3972
golden gate bridge,forbidden city,100,100,37.8199,-122.4783,39.9163,116.3972
golden gate bridge,forbidden city,100,100,37.8199,-122.4783,39.9163,116.3972
golden gate bridge,forbidden city,100,100,37.8199,-122.4783,39.9163,116.3972
golden gate bridge,forbidden city,100,100,37.8199,-122.4783,39.9163,116.3972
golden gate bridge,forbidden city,100,100,37.8199,-122.4783,39.9163,116.3972
golden gate bridge,forbidden city,100,100,37.8199,-122.4783,39.9163,116.3972
golden gate bridge,forbidden city,100,100,37.8199,-122.4783,39.9163,116.3972
golden gate bridge,forbidden city,100,100,37.8199,-122.4783,39.9163,116.3972
golden gate bridge,forbidden city,100,100,37.8199,-122.4783,39.9163,116.3972
golden gate bridge,forbidden city,100,100,37.8199,-122.4783,39.9163,116.3972
golden gate bridge,forbidden city,100,100,37.8199,-122.4783,39.9163,116.3972
golden gate bridge,forbidden city,100,100,37.8199,-122.4783,39.9163,116.3972
golden gate bridge,forbidden city,100,100,37.8199,-122.4783,39.9163,116.3972
golden gate bridge,forbidden city,100,100,37.8199,-122.4783,39.9163,116.3972
golden gate bridge,forbidden city,100,100,37.8199,-122.4783,39.9163,116.3972
golden gate bridge,forbidden city,100,100,37.8199,-122.4783,39.9163,116.3972
golden gate bridge,forbidden city,100,100,37.8199,-122.4783,39.9163,116.3972
golden gate bridge,forbidden city,100,100,37.8199,-122.4783,39.9163,116.3972
golden gate bridge,forbidden city,100,100,37.8199,-122.4783,39.9163,116.3972
golden gate bridge,forbidden city,100,100,37.8199,-122.4783,39.9163,116.3972
golden gate bridge,forbidden city,100,100,37.8199,-122.4783,39.9163,116.3972
golden gate bridge,forbidden city,100,100,37.8199,-122.4783,39.9163,116.3972
golden gate bridge,forbidden city,100,100,37.8199,-122.4783,39.9163,116.3972
golden gate bridge,forbidden city,100,100,37.8199,-122.4783,39.9163,116.3972
golden gate bridge,forbidden city,100,100,37.8199,-122.4783,39.9163,116.3972
golden gate bridge,forbidden city,100,100,37.8199,-122.4783,39.9163,116.3972
golden gate bridge,forbidden city,100,100,37.8199,-122.4783,39.9163,116.3972
golden gate bridge,forbidden city,100,100,37.8199,-122.4783,39.9163,116.3972
golden gate bridge,forbidden city,100,100,37.8199,-122.4783,39.9163,116.3972
golden gate bridge,forbidden city,100,100,37.8199,-122.4783,39.9163,116.3972
golden gate bridge,forbidden city,100,100,37.8199,-122.4783,39.9163,116.3972
golden gate bridge,forbidden city,100,100,37.8199,-122.4783,39.9163,116.3972
golden gate bridge,forbidden city,100,100,37.8199,-122.4783,39.9163,116.3972
golden gate bridge,forbidden city,100,100,37.8199,-122.4783,39.9163,116.3972
golden gate bridge,forbidden city,100,100,37.8199,-122.4783,39.9163,116.3972
golden gate bridge,forbidden city,100,100,37.8199,-122.4783,39.9163,116.3972
golden gate bridge,forbidden city,100,100,37.8199,-122.4783,39.9163,116.3972
golden gate bridge,forbidden city,100,100,37.8199,-122.4783,39.9163,116.3972
golden gate bridge,forbidden city,100,100,37.8199,-122.4783,39.9163,116.3972
golden gate bridge,forbidden city,100,100,37.8199,-122.4783,39.9163,116.3972
golden gate bridge,forbidden city,100,100,37.8199,-122.4783,39.9163,116.3972
golden gate bridge,forbidden city,100,100,37.8199,-122.4783,39.9163,116.3972
golden gate bridge,forbidden city,100,100,37.8199,-122.4783,39.9163,116.3972
golden gate bridge,forbidden city,100,100,37.8199,-122.4783,39.9163,116.3972
golden gate bridge,forbidden city,100,100,37.8199,-122.4783,39.9163,116.3972
golden gate bridge,forbidden city,100,100,37.8199,-122.4783,39.9163,116.3972
golden gate bridge,forbidden city,100,100,37.8199,-122.4783,39.9163,116.3972
golden gate bridge,forbidden city,100,100,37.8199,-122.4783,39.9163,116.3972
golden gate bridge,forbidden city,100,100,37.8199,-122.4783,39.9163,116.3972
golden gate bridge,forbidden city,100,100,37.8199,-122.4783,39.9163,116.3972
golden gate bridge,forbidden city,100,100,37.8199,-122.4783,39.9163,116.3972
golden gate bridge,forbidden city,100,100,37.8199,-122.4783,39.9163,116.3972
golden gate bridge,forbidden city,100,100,37.8199,-122.4783,39.9163,116.3972
golden gate bridge,forbidden city,100,100,37.8199,-122.4783,39.9163,116.3972
golden gate bridge,forbidden city,100,100,37.8199,-122.4783,39.9163,116.3972
golden gate bridge,forbidden city,100,100,37.8199,-122.4783,39.9163,116.3972
golden gate bridge,forbidden city,100,100,37.8199,-122.4783,39.9163,116.3972
golden gate bridge,forbidden city,100,100,37.8199,-122.4783,39.9163,116.3972
golden gate bridge,forbidden city,100,100,37.8199,-122.4783,39.9163,116.3972
golden gate bridge,forbidden city,100,100,37.8199,-122.4783,39.9163,116.3972
golden gate bridge,forbidden city,100,100,37.8199,-122.4783,39.9163,116.3972
golden gate bridge,forbidden city,100,100,37.8199,-122.4783,39.9163,116.3972
golden gate bridge,forbidden city,100,100,37.8199,-122.4783,39.9163,116.3972
golden gate bridge,forbidden city,100,100,37.8199,-122.4783,39.9163,116.3972
golden gate bridge,forbidden city,100,100,37.8199,-122.4783,39.9163,116.3972
golden gate bridge,forbidden city,100,100,37.8199,-122.4783,39.9163,116.3972
golden gate bridge,forbidden city,100,100,37.8199,-122.4783,39.9163,116.3972
golden gate bridge,forbidden city,100,100,37.8199,-122.4783,39.9163,116.3972
golden gate bridge,forbidden city,100,100,37.8199,-122.4783,39.9163,116.3972
golden gate bridge,forbidden city,100,100,37.8199,-122.4783,39.9163,116.3972
golden gate bridge,forbidden city,100,100,37.8199,-122.4783,39.9163,116.3972
golden gate bridge,forbidden city,100,100,37.8199,-122.4783,39.9163,116.3972
golden gate bridge,forbidden city,100,100,37.8199,-122.4783,39.9163,116.3972
golden gate bridge,forbidden city,100,100,37.8199,-122.4783,39.9163,116.3972
golden gate bridge,forbidden city,100,100,37.8199,-122.4783,39.9163,116.3972
golden gate bridge,forbidden city,100,100,37.8199,-122.4783,39.9163,116.3972
golden gate bridge,forbidden city,100,100,37.8199,-122.4783,39.9163,116.3972
golden gate bridge,forbidden city,100,100,37.8199,-122.4783,39.9163,116.3972
golden gate bridge,forbidden city,100,100,37.8199,-122.4783,39.9163,116.3972
golden gate bridge,forbidden city,100,100,37.8199,-122.4783,39.9163,116.3972
golden gate bridge,forbidden city,100,100,37.8199,-122.4783,39.9163,116.3972
golden gate bridge,forbidden city,100,100,37.8199,-122.4783,39.9163,116.3972
golden gate bridge,forbidden city,100,100,37.8199,-122.4783,39.9163,116.3972
golden gate bridge,forbidden city,100,100,37.8199,-122.4783,39.9163,116.3972
golden gate bridge,forbidden city,100,100,37.8199,-122.4783,39.9163,116.3972
golden gate bridge,forbidden city,100,100,37.8199,-122.4783,39.9163,116.3972
golden gate bridge,forbidden city,100,100,37.8199,-122.4783,39.9163,116.3972
golden gate bridge,forbidden city,100,100,37.8199,-122.4783,39.9163,116.3972
golden gate bridge,forbidden city,100,100,37.8199,-122.4783,39.9163,116.3972
golden gate bridge,forbidden city,100,100,37.8199,-122.4783,39.9163,116.3972
golden gate bridge,forbidden city,100,100,37.8199,-122.4783,39.9163,116.3972
golden gate bridge,forbidden city,100,100,37.8199,-122.4783,39.9163,116.3972
golden gate bridge,forbidden city,100,100,37.8199,-122.4783,39.9163,116.3972
golden gate bridge,forbidden city,100,100,37.8199,-122.4783,39.9163,116.3972
golden gate bridge,forbidden city,100,100,37.8199,-122.4783,39.9163,116.3972
golden gate bridge,forbidden city,100,100,37.8199,-122.4783,39.9163,116.3972
golden gate bridge,forbidden city,100,100,37.8199,-122.4783,39.9163,116.3972
golden gate bridge,forbidden city,100,100,37.8199,-122.4783,39.9163,116.3972
golden gate bridge,forbidden city,100,100,37.8199,-122.4783,39.9163,116.3972
golden gate bridge,forbidden city,100,100,37.8199,-122.4783,39.9163,116.3972
golden gate bridge,forbidden city,100,100,37.8199,-122.4783,39.9163,116.3972
golden gate bridge,forbidden city,100,100,37.8199,-122.4783,39.9163,116.3972
golden gate bridge,forbidden city,100,100,37.8199,-122.4783,39.9163,116.3972
golden gate bridge,forbidden city,100,100,37.8199,-122.4783,39.9163,116.3972
golden gate bridge,forbidden city,100,100,37.8199,-122.4783,39.9163,116.3972
golden gate bridge,forbidden city,100,100,37.8199,-122.4783,39.9163,116.3972
golden gate bridge,forbidden city,100,100,37.8199,-122.4783,39.9163,116.3972
golden gate bridge,forbidden city,100,100,37.8199,-122.4783,39.9163,116.3972
golden gate bridge,forbidden city,100,100,37.8199,-122.4783,39.9163,116.3972
golden gate bridge,forbidden city,100,100,37.8199,-122.4783,39.9163,116.3972
golden gate bridge,forbidden city,100,100,37.8199,-122.4783,39.9163,116.3972
golden gate bridge,forbidden city,100,100,37.8199,-122.4783,39.9163,116.3972
golden gate bridge,forbidden city,100,100,37.8199,-122.4783,39.9163,116.3972
golden gate bridge,forbidden city,100,100,37.8199,-122.4783,39.9163,116.3972
golden gate bridge,forbidden city,100,100,37.8199,-122.4783,39.9163,116.3972
golden gate bridge,forbidden city,100,100,37.8199,-122.4783,39.9163,116.3972
golden gate bridge,forbidden city,100,100,37.8199,-122.4783,39.9163,116.3972
golden gate bridge,forbidden city,100,100,37.8199,-122.4783,39.9163,116.3972
golden gate bridge,forbidden city,100,100,37.8199,-122.4783,39.9163,116.3972
golden gate bridge,forbidden city,100,100,37.8199,-122.4783,39.9163,116.3972
golden gate bridge,forbidden city,100,100,37.8199,-122.4783,39.9163,116.3972
golden gate bridge,forbidden city,100,100,37.8199,-122.4783,39.9163,116.3972
golden gate bridge,forbidden city,100,100,37.8199,-122.4783,39.9163,116.3972
golden gate bridge,forbidden city,100,100,37.8199,-122.4783,39.9163,116.3972
golden gate bridge,forbidden city,100,100,37.8199,-122.4783,39.9163,116.3972
golden gate bridge,forbidden city,100,100,37.8199,-122.4783,39.9163,116.3972
golden gate bridge,forbidden city,100,100,37.8199,-122.4783,39.9163,116.3972
golden gate bridge,forbidden city,100,100,37.8199,-122.4783,39.9163,116.3972
golden gate bridge,forbidden city,100,100,37.8199,-122.4783,39.9163,116.3972
golden gate bridge,forbidden city,100,100,37.8199,-122.4783,39.9163,116.3972
golden gate bridge,forbidden city,100,100,37.8199,-122.4783,39.9163,116.3972
golden gate bridge,forbidden city,100,100,37.8199,-122.4783,39.9163,116.3972
golden gate bridge,forbidden city,100,100,37.8199,-122.4783,39.9163,116.3972
golden gate bridge,forbidden city,100,100,37.8199,-122.4783,39.9163,116.3972
golden gate bridge,forbidden city,100,100,37.8199,-122.4783,39.9163,116.3972
golden gate bridge,forbidden city,100,100,37.8199,-122.4783,39.9163,116.3972
golden gate bridge,forbidden city,100,100,37.8199,-122.4783,39.9163,116.3972
golden gate bridge,forbidden city,100,100,37.8199,-122.4783,39.9163,116.3972
golden gate bridge,forbidden city,100,100,37.8199,-122.4783,39.9163,116.3972
golden gate bridge,forbidden city,100,100,37.8199,-122.4783,39.9163,116.3972
golden gate bridge,forbidden city,100,100,37.8199,-122.4783,39.9163,116.3972
golden gate bridge,forbidden city,100,100,37.8199,-122.4783,39.9163,116.3972
golden gate bridge,forbidden city,100,100,37.8199,-122.4783,39.9163,116.3972
golden gate bridge,forbidden city,100,100,37.8199,-122.4783,39.9163,116.3972
golden gate bridge,forbidden city,100,100,37.8199,-122.4783,39.9163,116.3972
golden gate bridge,forbidden city,100,100,37.8199,-122.4783,39.9163,116.3972
golden gate bridge,forbidden city,100,100,37.8199,-122.4783,39.9163,116.3972
golden gate bridge,forbidden city,100,100,37.8199,-122.4783,39.9163,116.3972
golden gate bridge,forbidden city,100,100,37.8199,-122.4783,39.9163,116.3972
golden gate bridge,forbidden city,100,100,37.8199,-122.4783,39.9163,116.3972
golden gate bridge,forbidden city,100,100,37.8199,-122.4783,39.9163,116.3972
golden gate bridge,forbidden city,100,100,37.8199,-122.4783,39.9163,116.3972
golden gate bridge,forbidden city,100,100,37.8199,-122.4783,39.9163,116.3972
golden gate bridge,forbidden city,100,100,37.8199,-122.4783,39.9163,116.3972
golden gate bridge,forbidden city,100,100,37.8199,-122.4783,39.9163,116.3972
golden gate bridge,forbidden city,100,100,37.8199,-122.4783,39.9163,116.3972
golden gate bridge,forbidden city,100,100,37.8199,-122.4783,39.9163,116.3972
golden gate bridge,forbidden city,100,100,37.8199,-122.4783,39.9163,116.3972
golden gate bridge,forbidden city,100,100,37.8199,-122.4783,39.9163,116.3972
golden gate bridge,forbidden city,100,100,37.8199,-122.4783,39.9163,116.3972
golden gate bridge,forbidden city,100,100,37.8199,-122.4783,39.9163,116.3972
golden gate bridge,forbidden city,100,100,37.8199,-122.4783,39.9163,116.3972
golden gate bridge,forbidden city,100,100,37.8199,-122.4783,39.9163,116.3972
golden gate bridge,forbidden city,100,100,37.8199,-122.4783,39.9163,116.3972
golden gate bridge,forbidden city,100,100,37.8199,-122.4783,39.9163,116.3972
golden gate bridge,forbidden city,100,100,37.8199,-122.4783,39.9163,116.3972
golden gate bridge,forbidden city,100,100,37.8199,-122.4783,39.9163,116.3972
golden gate bridge,forbidden city,100,100,37.8199,-122.4783,39.9163,116.3972
golden gate bridge,forbidden city,100,100,37.8199,-122.4783,39.9163,116.3972
golden gate bridge,forbidden city,100,100,37.8199,-122.4783,39.9163,116.3972
golden gate bridge,forbidden city,100,100,37.8199,-122.4783,39.9163,116.3972
golden gate bridge,forbidden city,100,100,37.8199,-122.4783,39.9163,116.3972
golden gate bridge,forbidden city,100,100,37.8199,-122.4783,39.9163,116.3972
golden gate bridge,forbidden city,100,100,37.8199,-122.4783,39.9163,116.3972
golden gate bridge,forbidden city,100,100,37.8199,-122.4783,39.9163,116.3972
golden gate bridge,forbidden city,100,100,37.8199,-122.4783,39.9163,116.3972
golden gate bridge,forbidden city,100,100,37.8199,-122.4783,39.9163,116.3972
golden gate bridge,forbidden city,100,100,37.8199,-122.4783,39.9163,116.3972
golden gate bridge,forbidden city,100,100,37.8199,-122.4783,39.9163,116.3972
golden gate bridge,forbidden city,100,100,37.8199,-122.4783,39.9163,116.3972
golden gate bridge,forbidden city,100,100,37.8199,-122.4783,39.9163,116.3972
golden gate bridge,forbidden city,100,100,37.8199,-122.4783,39.9163,116.3972
golden gate bridge,forbidden city,100,100,37.8199,-122.4783,39.9163,116.3972
golden gate bridge,forbidden city,100,100,37.8199,-122.4783,39.9163,116.3972
golden gate bridge,forbidden city,100,100,37.8199,-122.4783,39.9163,116.3972
golden gate bridge,forbidden city,100,100,37.8199,-122.4783,39.9163,116.3972
golden gate bridge,forbidden city,100,100,37.8199,-122.4783,39.9163,116.3972
golden gate bridge,forbidden city,100,100,37.8199,-122.4783,39.9163,116.3972
golden gate bridge,forbidden city,100,100,37.8199,-122.4783,39.9163,116.3972
golden gate bridge,forbidden city,100,100,37.8199,-122.4783,39.9163,116.3972
golden gate bridge,forbidden city,100,100,37.8199,-122.4783,39.9163,116.3972
golden gate bridge,forbidden city,100,100,37.8199,-122.4783,39.9163,116.3972
golden gate bridge,forbidden city,100,100,37.8199,-122.4783,39.9163,116.3972
golden gate bridge,forbidden city,100,100,37.8199,-122.4783,39.9163,116.3972
golden gate bridge,forbidden city,100,100,37.8199,-122.4783,39.9163,116.3972
golden gate bridge,forbidden city,100,100,37.8199,-122.4783,39.9163,116.3972
golden gate bridge,forbidden city,100,100,37.8199,-122.4783,39.9163,116.3972
golden gate bridge,forbidden city,100,100,37.8199,-122.4783,39.9163,116.3972
golden gate bridge,forbidden city,100,100,37.8199,-122.4783,39.9163,116.3972
golden gate bridge,forbidden city,100,100,37.8199,-122.4783,39.9163,116.3972
golden gate bridge,forbidden city,100,100,37.8199,-122.4783,39.9163,116.3972
golden gate bridge,forbidden city,100,100,37.8199,-122.4783,39.9163,116.3972
golden gate bridge,forbidden city,100,100,37.8199,-122.4783,39.9163,116.3972
golden gate bridge,forbidden city,100,100,37.8199,-122.4783,39.9163,116.3972
golden gate bridge,forbidden city,100,100,37.8199,-122.4783,39.9163,116.3972
golden gate bridge,forbidden city,100,100,37.8199,-122.4783,39.9163,116.3972
golden gate bridge,forbidden city,100,100,37.8199,-122.4783,39.9163,116.3972
golden gate bridge,forbidden city,100,100,37.8199,-122.4783,39.9163,116.3972
golden gate bridge,forbidden city,100,100,37.8199,-122.4783,39.9163,116.3972
golden gate bridge,forbidden city,100,100,37.8199,-122.4783,39.9163,116.3972
golden gate bridge,forbidden city,100,100,37.8199,-122.4783,39.9163,116.3972
golden gate bridge,forbidden city,100,100,37.8199,-122.4783,39.9163,116.3972
golden gate bridge,forbidden city,100,100,37.8199,-122.4783,39.9163,116.3972
golden gate bridge,forbidden city,100,100,37.8199,-122.4783,39.9163,116.3972
golden gate bridge,forbidden city,100,100,37.8199,-122.4783,39.9163,116.3972
golden gate bridge,forbidden city,100,100,37.8199,-122.4783,39.9163,116.3972
golden gate bridge,forbidden city,100,100,37.8199,-122.4783,39.9163,116.3972
golden gate bridge,forbidden city,100,100,37.8199,-122.4783,39.9163,116.3972
golden gate bridge,forbidden city,100,100,37.8199,-122.4783,39.9163,116.3972
golden gate bridge,forbidden city,100,100,37.8199,-122.4783,39.9163,116.3972
golden gate bridge,forbidden city,100,100,37.8199,-122.4783,39.9163,116.3972
golden gate bridge,forbidden city,100,100,37.8199,-122.4783,39.9163,116.3972
golden gate bridge,forbidden city,100,100,37.8199,-122.4783,39.9163,116.3972
golden gate bridge,forbidden city,100,100,37.8199,-122.4783,39.9163,116.3972
golden gate bridge,forbidden city,100,100,37.8199,-122.4783,39.9163,116.3972
golden gate bridge,forbidden city,100,100,37.8199,-122.4783,39.9163,116.3972
golden gate bridge,forbidden city,100,100,37.8199,-122.4783,39.9163,116.3972
golden gate bridge,forbidden city,100,100,37.8199,-122.4783,39.9163,116.3972
golden gate bridge,forbidden city,100,100,37.8199,-122.4783,39.9163,116.3972
golden gate bridge,forbidden city,100,100,37.8199,-122.4783,39.9163,116.3972
golden gate bridge,forbidden city,100,100,37.8199,-122.4783,39.9163,116.3972
golden gate bridge,forbidden city,100,100,37.8199,-122.4783,39.9163,116.3972
golden gate bridge,forbidden city,100,100,37.8199,-122.4783,39.9163,116.3972
golden gate bridge,forbidden city,100,100,37.8199,-122.4783,39.9163,116.3972
golden gate bridge,forbidden city,100,100,37.8199,-122.4783,39.9163,116.3972
golden gate bridge,forbidden city,100,100,37.8199,-122.4783,39.9163,116.3972
golden gate bridge,forbidden city,100,100,37.8199,-122.4783,39.9163,116.3972
golden gate bridge,forbidden city,100,100,37.8199,-122.4783,39.9163,116.3972
golden gate bridge,forbidden city,100,100,37.8199,-122.4783,39.9163,116.3972
golden gate bridge,forbidden city,100,100,37.8199,-122.4783,39.9163,116.3972
golden gate bridge,forbidden city,100,100,37.8199,-122.4783,39.9163,116.3972
golden gate bridge,forbidden city,100,100,37.8199,-122.4783,39.9163,116.3972
golden gate bridge,forbidden city,100,100,37.8199,-122.4783,39.9163,116.3972
golden gate bridge,forbidden city,100,100,37.8199,-122.4783,39.9163,116.3972
golden gate bridge,forbidden city,100,100,37.8199,-122.4783,39.9163,116.3972
golden gate bridge,forbidden city,100,100,37.8199,-122.4783,39.9163,116.3972
golden gate bridge,forbidden city,100,100,37.8199,-122.4783,39.9163,116.3972
golden gate bridge,forbidden city,100,100,37.8199,-122.4783,39.9163,116.3972
golden gate bridge,forbidden city,100,100,37.8199,-122.4783,39.9163,116.3972
golden gate bridge,forbidden city,100,100,37.8199,-122.4783,39.9163,116.3972
golden gate bridge,forbidden city,100,100,37.8199,-122.4783,39.9163,116.3972
golden gate bridge,forbidden city,100,100,37.8199,-122.4783,39.9163,116.3972
golden gate bridge,forbidden city,100,100,37.8199,-122.4783,39.9163,116.3972
golden gate bridge,forbidden city,100,100,37.8199,-122.4783,39.9163,116.3972
golden gate bridge,forbidden city,100,100,37.8199,-122.4783,39.9163,116.3972
golden gate bridge,forbidden city,100,100,37.8199,-122.4783,39.9163,116.3972
golden gate bridge,forbidden city,100,100,37.8199,-122.4783,39.9163,116.3972
golden gate bridge,forbidden city,100,100,37.8199,-122.4783,39.9163,116.3972
golden gate bridge,forbidden city,100,100,37.8199,-122.4783,39.9163,116.3972
golden gate bridge,forbidden city,100,100,37.8199,-122.4783,39.9163,116.3972
golden gate bridge,forbidden city,100,100,37.8199,-122.4783,39.9163,116.3972
golden gate bridge,forbidden city,100,100,37.8199,-122.4783,39.9163,116.3972
golden gate bridge,forbidden city,100,100,37.8199,-122.4783,39.9163,116.3972
golden gate bridge,forbidden city,100,100,37.8199,-122.4783,39.9163,116.3972
golden gate bridge,forbidden city,100,100,37.8199,-122.4783,39.9163,116.3972
golden gate bridge,forbidden city,100,100,37.8199,-122.4783,39.9163,116.3972
golden gate bridge,forbidden city,100,100,37.8199,-122.4783,39.9163,116.3972
golden gate bridge,forbidden city,100,100,37.8199,-122.4783,39.9163,116.3972
golden gate bridge,forbidden city,100,100,37.8199,-122.4783,39.9163,116.3972
golden gate bridge,forbidden city,100,100,37.8199,-122.4783,39.9163,116.3972
golden gate bridge,forbidden city,100,100,37.8199,-122.4783,39.9163,116.3972
golden gate bridge,forbidden city,100,100,37.8199,-122.4783,39.9163,116.3972
golden gate bridge,forbidden city,100,100,37.8199,-122.4783,39.9163,116.3972
golden gate bridge,forbidden city,100,100,37.8199,-122.4783,39.9163,116.3972
golden gate bridge,forbidden city,100,100,37.8199,-122.4783,39.9163,116.3972
golden gate bridge,forbidden city,100,100,37.8199,-122.4783,39.9163,116.3972
golden gate bridge,forbidden city,100,100,37.8199,-122.4783,39.9163,116.3972
golden gate bridge,forbidden city,100,100,37.8199,-122.4783,39.9163,116.3972
golden gate bridge,forbidden city,100,100,37.8199,-122.4783,39.9163,116.3972
golden gate bridge,forbidden city,100,100,37.8199,-122.4783,39.9163,116.3972
golden gate bridge,forbidden city,100,100,37.8199,-122.4783,39.9163,116.3972
golden gate bridge,forbidden city,100,100,37.8199,-122.4783,39.9163,116.3972
golden gate bridge,forbidden city,100,100,37.8199,-122.4783,39.9163,116.3972
golden gate bridge,forbidden city,100,100,37.8199,-122.4783,39.9163,116.3972
golden gate bridge,forbidden city,100,100,37.8199,-122.4783,39.9163,116.3972
golden gate bridge,forbidden city,100,100,37.8199,-122.4783,39.9163,116.3972
golden gate bridge,forbidden city,100,100,37.8199,-122.4783,39.9163,116.3972
golden gate bridge,forbidden city,100,100,37.8199,-122.4783,39.9163,116.3972
golden gate bridge,forbidden city,100,100,37.8199,-122.4783,39.9163,116.3972
golden gate bridge,forbidden city,100,100,37.8199,-122.4783,39.9163,116.3972
golden gate bridge,forbidden city,100,100,37.8199,-122.4783,39.9163,116.3972
golden gate bridge,forbidden city,100,100,37.8199,-122.4783,39.9163,116.3972
golden gate bridge,forbidden city,100,100,37.8199,-122.4783,39.9163,116.3972
golden gate bridge,forbidden city,100,100,37.8199,-122.4783,39.9163,116.3972
golden gate bridge,forbidden city,100,100,37.8199,-122.4783,39.9163,116.3972
golden gate bridge,forbidden city,100,100,37.8199,-122.4783,39.9163,116.3972
golden gate bridge,forbidden city,100,100,37.8199,-122.4783,39.9163,116.3972
golden gate bridge,forbidden city,100,100,37.8199,-122.4783,39.9163,116.3972
golden gate bridge,forbidden city,100,100,37.8199,-122.4783,39.9163,116.3972
golden gate bridge,forbidden city,100,100,37.8199,-122.4783,39.9163,116.3972
golden gate bridge,forbidden city,100,100,37.8199,-122.4783,39.9163,116.3972
golden gate bridge,forbidden city,100,100,37.8199,-122.4783,39.9163,116.3972
golden gate bridge,forbidden city,100,100,37.8199,-122.4783,39.9163,116.3972
golden gate bridge,forbidden city,100,100,37.8199,-122.4783,39.9163,116.3972
golden gate bridge,forbidden city,100,100,37.8199,-122.4783,39.9163,116.3972
golden gate bridge,forbidden city,100,100,37.8199,-122.4783,39.9163,116.3972
golden gate bridge,forbidden city,100,100,37.8199,-122.4783,39.9163,116.3972
golden gate bridge,forbidden city,100,100,37.8199,-122.4783,39.9163,116.3972
golden gate bridge,forbidden city,100,100,37.8199,-122.4783,39.9163,116.3972
golden gate bridge,forbidden city,100,100,37.8199,-122.4783,39.9163,116.3972
golden gate bridge,forbidden city,100,100,37.8199,-122.4783,39.9163,116.3972
golden gate bridge,forbidden city,100,100,37.8199,-122.4783,39.9163,116.3972
golden gate bridge,forbidden city,100,100,37.8199,-122.4783,39.9163,116.3972
golden gate bridge,forbidden city,100,100,37.8199,-122.4783,39.9163,116.3972
golden gate bridge,forbidden city,100,100,37.8199,-122.4783,39.9163,116.3972
golden gate bridge,forbidden city,100,100,37.8199,-122.4783,39.9163,116.3972
golden gate bridge,forbidden city,100,100,37.8199,-122.4783,39.9163,116.3972
golden gate bridge,forbidden city,100,100,37.8199,-122.4783,39.9163,116.3972
golden gate bridge,forbidden city,100,100,37.8199,-122.4783,39.9163,116.3972
golden gate bridge,forbidden city,100,100,37.8199,-122.4783,39.9163,116.3972
golden gate bridge,forbidden city,100,100,37.8199,-122.4783,39.9163,116.3972
golden gate bridge,forbidden city,100,100,37.8199,-122.4783,39.9163,116.3972
golden gate bridge,forbidden city,100,100,37.8199,-122.4783,39.9163,116.3972
golden gate bridge,forbidden city,100,100,37.8199,-122.4783,39.9163,116.3972
golden gate bridge,forbidden city,100,100,37.8199,-122.4783,39.9163,116.3972
golden gate bridge,forbidden city,100,100,37.8199,-122.4783,39.9163,116.3972
golden gate bridge,forbidden city,100,100,37.8199,-122.4783,39.9163,116.3972
golden gate bridge,forbidden city,100,100,37.8199,-122.4783,39.9163,116.3972
golden gate bridge,forbidden city,100,100,37.8199,-122.4783,39.9163,116.3972
golden gate bridge,forbidden city,100,100,37.8199,-122.4783,39.9163,116.3972
golden gate bridge,forbidden city,100,100,37.8199,-122.4783,39.9163,116.3972
golden gate bridge,forbidden city,100,100,37.8199,-122.4783,39.9163,116.3972
golden gate bridge,forbidden city,100,100,37.8199,-122.4783,39.9163,116.3972
golden gate bridge,forbidden city,100,100,37.8199,-122.4783,39.9163,116.3972
golden gate bridge,forbidden city,100,100,37.8199,-122.4783,39.9163,116.3972
golden gate bridge,forbidden city,100,100,37.8199,-122.4783,39.9163,116.3972
golden gate bridge,forbidden city,100,100,37.8199,-122.4783,39.9163,116.3972
golden gate bridge,forbidden city,100,100,37.8199,-122.4783,39.9163,116.3972
golden gate bridge,forbidden city,100,100,37.8199,-122.4783,39.9163,116.3972
golden gate bridge,forbidden city,100,100,37.8199,-122.4783,39.9163,116.3972
golden gate bridge,forbidden city,100,100,37.8199,-122.4783,39.9163,116.3972
golden gate bridge,forbidden city,100,100,37.8199,-122.4783,39.9163,116.3972
golden gate bridge,forbidden city,100,100,37.8199,-122.4783,39.9163,116.3972
golden gate bridge,forbidden city,100,100,37.8199,-122.4783,39.9163,116.3972
golden gate bridge,forbidden city,100,100,37.8199,-122.4783,39.9163,116.3972
golden gate bridge,forbidden city,100,100,37.8199,-122.4783,39.9163,116.3972
golden gate bridge,forbidden city,100,100,37.8199,-122.4783,39.9163,116.3972
golden gate bridge,forbidden city,100,100,37.8199,-122.4783,39.9163,116.3972
golden gate bridge,forbidden city,100,100,37.8199,-122.4783,39.9163,116.3972
golden gate bridge,forbidden city,100,100,37.8199,-122.4783,39.9163,116.3972
golden gate bridge,forbidden city,100,100,37.8199,-122.4783,39.9163,116.3972
golden gate bridge,forbidden city,100,100,37.8199,-122.4783,39.9163,116.3972
golden gate bridge,forbidden city,100,100,37.8199,-122.4783,39.9163,116.3972
golden gate bridge,forbidden city,100,100,37.8199,-122.4783,39.9163,116.3972
golden gate bridge,forbidden city,100,100,37.8199,-122.4783,39.9163,116.3972
golden gate bridge,forbidden city,100,100,37.8199,-122.4783,39.9163,116.3972
golden gate bridge,forbidden city,100,100,37.8199,-122.4783,39.9163,116.3972
golden gate bridge,forbidden city,100,100,37.8199,-122.4783,39.9163,116.3972
golden gate bridge,forbidden city,100,100,37.8199,-122.4783,39.9163,116.3972
golden gate bridge,forbidden city,100,100,37.8199,-122.4783,39.9163,116.3972
golden gate bridge,forbidden city,100,100,37.8199,-122.4783,39.9163,116.3972
golden gate bridge,forbidden city,100,100,37.8199,-122.4783,39.9163,116.3972
golden gate bridge,forbidden city,100,100,37.8199,-122.4783,39.9163,116.3972
golden gate bridge,forbidden city,100,100,37.8199,-122.4783,39.9163,116.3972
golden gate bridge,forbidden city,100,100,37.8199,-122.4783,39.9163,116.3972
golden gate bridge,forbidden city,100,100,37.8199,-122.4783,39.9163,116.3972
golden gate bridge,forbidden city,100,100,37.8199,-122.4783,39.9163,116.3972
golden gate bridge,forbidden city,100,100,37.8199,-122.4783,39.9163,116.3972
golden gate bridge,forbidden city,100,100,37.8199,-122.4783,39.9163,116.3972
golden gate bridge,forbidden city,100,100,37.8199,-122.4783,39.9163,116.3972
golden gate bridge,forbidden city,100,100,37.8199,-122.4783,39.9163,116.3972
golden gate bridge,forbidden city,100,100,37.8199,-122.4783,39.9163,116.3972
golden gate bridge,forbidden city,100,100,37.8199,-122.4783,39.9163,116.3972
golden gate bridge,forbidden city,100,100,37.8199,-122.4783,39.9163,116.3972
golden gate bridge,forbidden city,100,100,37.8199,-122.4783,39.9163,116.3972
golden gate bridge,forbidden city,100,100,37.8199,-122.4783,39.9163,116.3972
golden gate bridge,forbidden city,100,100,37.8199,-122.4783,39.9163,116.3972
golden gate bridge,forbidden city,100,100,37.8199,-122.4783,39.9163,116.3972
golden gate bridge,forbidden city,100,100,37.8199,-122.4783,39.9163,116.3972
golden gate bridge,forbidden city,100,100,37.8199,-122.4783,39.9163,116.3972
golden gate bridge,forbidden city,100,100,37.8199,-122.4783,39.9163,116.3972
golden gate bridge,forbidden city,100,100,37.8199,-122.4783,39.9163,116.3972
golden gate bridge,forbidden city,100,100,37.8199,-122.4783,39.9163,116.3972
golden gate bridge,forbidden city,100,100,37.8199,-122.4783,39.9163,116.3972
golden gate bridge,forbidden city,100,100,37.8199,-122.4783,39.9163,116.3972
golden gate bridge,forbidden city,100,100,37.8199,-122.4783,39.9163,116.3972
golden gate bridge,forbidden city,100,100,37.8199,-122.4783,39.9163,116.3972
golden gate bridge,forbidden city,100,100,37.8199,-122.4783,39.9163,116.3972
golden gate bridge,forbidden city,100,100,37.8199,-122.4783,39.9163,116.3972
golden gate bridge,forbidden city,100,100,37.8199,-122.4783,39.9163,116.3972
golden gate bridge,forbidden city,100,100,37.8199,-122.4783,39.9163,116.3972
golden gate bridge,forbidden city,100,100,37.8199,-122.4783,39.9163,116.3972
golden gate bridge,forbidden city,100,100,37.8199,-122.4783,39.9163,116.3972
golden gate bridge,forbidden city,100,100,37.8199,-122.4783,39.9163,116.3972
golden gate bridge,forbidden city,100,100,37.8199,-122.4783,39.9163,116.3972
golden gate bridge,forbidden city,100,100,37.8199,-122.4783,39.9163,116.3972
golden gate bridge,forbidden city,100,100,37.8199,-122.4783,39.9163,116.3972
golden gate bridge,forbidden city,100,100,37.8199,-122.4783,39.9163,116.3972
golden gate bridge,forbidden city,100,100,37.8199,-122.4783,39.9163,116.3972
golden gate bridge,forbidden city,100,100,37.8199,-122.4783,39.9163,116.3972
golden gate bridge,forbidden city,100,100,37.8199,-122.4783,39.9163,116.3972
golden gate bridge,forbidden city,100,100,37.8199,-122.4783,39.9163,116.3972
golden gate bridge,forbidden city,100,100,37.8199,-122.4783,39.9163,116.3972
golden gate bridge,forbidden city,100,100,37.8199,-122.4783,39.9163,116.3972
golden gate bridge,forbidden city,100,100,37.8199,-122.4783,39.9163,116.3972
golden gate bridge,forbidden city,100,100,37.8199,-122.4783,39.9163,116.3972
golden gate bridge,forbidden city,100,100,37.8199,-122.4783,39.9163,116.3972
golden gate bridge,forbidden city,100,100,37.8199,-122.4783,39.9163,116.3972
golden gate bridge,forbidden city,100,100,37.8199,-122.4783,39.9163,116.3972
golden gate bridge,forbidden city,100,100,37.8199,-122.4783,39.9163,116.3972
golden gate bridge,forbidden city,100,100,37.8199,-122.4783,39.9163,116.3972
golden gate bridge,forbidden city,100,100,37.8199,-122.4783,39.9163,116.3972
golden gate bridge,forbidden city,100,100,37.8199,-122.4783,39.9163,116.3972
golden gate bridge,forbidden city,100,100,37.8199,-122.4783,39.9163,116.3972
golden gate bridge,forbidden city,100,100,37.8199,-122.4783,39.9163,116.3972
golden gate bridge,forbidden city,100,100,37.8199,-122.4783,39.9163,116.3972
golden gate bridge,forbidden city,100,100,37.8199,-122.4783,39.9163,116.3972
golden gate bridge,forbidden city,100,100,37.8199,-122.4783,39.9163,116.3972
golden gate bridge,forbidden city,100,100,37.8199,-122.4783,39.9163,116.3972
golden gate bridge,forbidden city,100,100,37.8199,-122.4783,39.9163,116.3972
golden gate bridge,forbidden city,100,100,37.8199,-122.4783,39.9163,116.3972
golden gate bridge,forbidden city,100,100,37.8199,-122.4783,39.9163,116.3972
golden gate bridge,forbidden city,100,100,37.8199,-122.4783,39.9163,116.3972
golden gate bridge,forbidden city,100,100,37.8199,-122.4783,39.9163,116.3972
golden gate bridge,forbidden city,100,100,37.8199,-122.4783,39.9163,116.3972
golden gate bridge,forbidden city,100,100,37.8199,-122.4783,39.9163,116.3972
golden gate bridge,forbidden city,100,100,37.8199,-122.4783,39.9163,116.3972
golden gate bridge,forbidden city,100,100,37.8199,-122.4783,39.9163,116.3972
golden gate bridge,forbidden city,100,100,37.8199,-122.4783,39.9163,116.3972
golden gate bridge,forbidden city,100,100,37.8199,-122.4783,39.9163,116.3972
golden gate bridge,forbidden city,100,100,37.8199,-122.4783,39.9163,116.3972
golden gate bridge,forbidden city,100,100,37.8199,-122.4783,39.9163,116.3972
golden gate bridge,forbidden city,100,100,37.8199,-122.4783,39.9163,116.3972
golden gate bridge,forbidden city,100,100,37.8199,-122.4783,39.9163,116.3972
golden gate bridge,forbidden city,100,100,37.8199,-122.4783,39.9163,116.3972
golden gate bridge,forbidden city,100,100,37.8199,-122.4783,39.9163,116.3972
golden gate bridge,forbidden city,100,100,37.8199,-122.4783,39.9163,116.3972
golden gate bridge,forbidden city,100,100,37.8199,-122.4783,39.9163,116.3972
golden gate bridge,forbidden city,100,100,37.8199,-122.4783,39.9163,116.3972
golden gate bridge,forbidden city,100,100,37.8199,-122.4783,39.9163,116.3972
golden gate bridge,forbidden city,100,100,37.8199,-122.4783,39.9163,116.3972
golden gate bridge,forbidden city,100,100,37.8199,-122.4783,39.9163,116.3972
golden gate bridge,forbidden city,100,100,37.8199,-122.4783,39.9163,116.3972
golden gate bridge,forbidden city,100,100,37.8199,-122.4783,39.9163,116.3972
golden gate bridge,forbidden city,100,100,37.8199,-122.4783,39.9163,116.3972
golden gate bridge,forbidden city,100,100,37.8199,-122.4783,39.9163,116.3972
golden gate bridge,forbidden city,100,100,37.8199,-122.4783,39.9163,116.3972
golden gate bridge,forbidden city,100,100,37.8199,-122.4783,39.9163,116.3972
golden gate bridge,forbidden city,100,100,37.8199,-122.4783,39.9163,116.3972
golden gate bridge,forbidden city,100,100,37.8199,-122.4783,39.9163,116.3972
golden gate bridge,forbidden city,100,100,37.8199,-122.4783,39.9163,116.3972
golden gate bridge,forbidden city,100,100,37.8199,-122.4783,39.9163,116.3972
golden gate bridge,forbidden city,100,100,37.8199,-122.4783,39.9163,116.3972
golden gate bridge,forbidden city,100,100,37.8199,-122.4783,39.9163,116.3972
golden gate bridge,forbidden city,100,100,37.8199,-122.4783,39.9163,116.3972
golden gate bridge,forbidden city,100,100,37.8199,-122.4783,39.9163,116.3972
golden gate bridge,forbidden city,100,100,37.8199,-122.4783,39.9163,116.3972
golden gate bridge,forbidden city,100,100,37.8199,-122.4783,39.9163,116.3972
golden gate bridge,forbidden city,100,100,37.8199,-122.4783,39.9163,116.3972
golden gate bridge,forbidden city,100,100,37.8199,-122.4783,39.9163,116.3972
golden gate bridge,forbidden city,100,100,37.8199,-122.4783,39.9163,116.3972
golden gate bridge,forbidden city,100,100,37.8199,-122.4783,39.9163,116.3972
golden gate bridge,forbidden city,100,100,37.8199,-122.4783,39.9163,116.3972
golden gate bridge,forbidden city,100,100,37.8199,-122.4783,39.9163,116.3972
golden gate bridge,forbidden city,100,100,37.8199,-122.4783,39.9163,116.3972
golden gate bridge,forbidden city,100,100,37.8199,-122.4783,39.9163,116.3972
golden gate bridge,forbidden city,100,100,37.8199,-122.4783,39.9163,116.3972
golden gate bridge,forbidden city,100,100,37.8199,-122.4783,39.9163,116.3972
golden gate bridge,forbidden city,100,100,37.8199,-122.4783,39.9163,116.3972
golden gate bridge,forbidden city,100,100,37.8199,-122.4783,39.9163,116.3972
golden gate bridge,forbidden city,100,100,37.8199,-122.4783,39.9163,116.3972
golden gate bridge,forbidden city,100,100,37.8199,-122.4783,39.9163,116.3972
golden gate bridge,forbidden city,100,100,37.8199,-122.4783,39.9163,116.3972
golden gate bridge,forbidden city,100,100,37.8199,-122.4783,39.9163,116.3972
golden gate bridge,forbidden city,100,100,37.8199,-122.4783,39.9163,116.3972
golden gate bridge,forbidden city,100,100,37.8199,-122.4783,39.9163,116.3972
golden gate bridge,forbidden city,100,100,37.8199,-122.4783,39.9163,116.3972
golden gate bridge,forbidden city,100,100,37.8199,-122.4783,39.9163,116.3972
golden gate bridge,forbidden city,100,100,37.8199,-122.4783,39.9163,116.3972
golden gate bridge,forbidden city,100,100,37.8199,-122.4783,39.9163,116.3972
golden gate bridge,forbidden city,100,100,37.8199,-122.4783,39.9163,116.3972
golden gate bridge,forbidden city,100,100,37.8199,-122.4783,39.9163,116.3972
golden gate bridge,forbidden city,100,100,37.8199,-122.4783,39.9163,116.3972
golden gate bridge,forbidden city,100,100,37.8199,-122.4783,39.9163,116.3972
golden gate bridge,forbidden city,100,100,37.8199,-122.4783,39.9163,116.3972
golden gate bridge,forbidden city,100,100,37.8199,-122.4783,39.9163,116.3972
golden gate bridge,forbidden city,100,100,37.8199,-122.4783,39.9163,116.3972
golden gate bridge,forbidden city,100,100,37.8199,-122.4783,39.9163,116.3972
golden gate bridge,forbidden city,100,100,37.8199,-122.4783,39.9163,116.3972
golden gate bridge,forbidden city,100,100,37.8199,-122.4783,39.9163,116.3972
golden gate bridge,forbidden city,100,100,37.8199,-122.4783,39.9163,116.3972
golden gate bridge,forbidden city,100,100,37.8199,-122.4783,39.9163,116.3972
golden gate bridge,forbidden city,100,100,37.8199,-122.4783,39.9163,116.3972
golden gate bridge,forbidden city,100,100,37.8199,-122.4783,39.9163,116.3972
golden gate bridge,forbidden city,100,100,37.8199,-122.4783,39.9163,116.3972
golden gate bridge,forbidden city,100,100,37.8199,-122.4783,39.9163,116.3972
golden gate bridge,forbidden city,100,100,37.8199,-122.4783,39.9163,116.3972
golden gate bridge,forbidden city,100,100,37.8199,-122.4783,39.9163,116.3972
golden gate bridge,forbidden city,100,100,37.8199,-122.4783,39.9163,116.3972
golden gate bridge,forbidden city,100,100,37.8199,-122.4783,39.9163,116.3972
golden gate bridge,forbidden city,100,100,37.8199,-122.4783,39.9163,116.3972
golden gate bridge,forbidden city,100,100,37.8199,-122.4783,39.9163,116.3972
golden gate bridge,forbidden city,100,100,37.8199,-122.4783,39.9163,116.3972
golden gate bridge,forbidden city,100,100,37.8199,-122.4783,39.9163,116.3972
golden gate bridge,forbidden city,100,100,37.8199,-122.4783,39.9163,116.3972
golden gate bridge,forbidden city,100,100,37.8199,-122.4783,39.9163,116.3972
golden gate bridge,forbidden city,100,100,37.8199,-122.4783,39.9163,116.3972
golden gate bridge,forbidden city,100,100,37.8199,-122.4783,39.9163,116.3972
golden gate bridge,forbidden city,100,100,37.8199,-122.4783,39.9163,116.3972
golden gate bridge,forbidden city,100,100,37.8199,-122.4783,39.9163,116.3972
golden gate bridge,forbidden city,100,100,37.8199,-122.4783,39.9163,116.3972
golden gate bridge,forbidden city,100,100,37.8199,-122.4783,39.9163,116.3972
golden gate bridge,forbidden city,100,100,37.8199,-122.4783,39.9163,116.3972
golden gate bridge,forbidden city,100,100,37.8199,-122.4783,39.9163,116.3972
golden gate bridge,forbidden city,100,100,37.8199,-122.4783,39.9163,116.3972
golden gate bridge,forbidden city,100,100,37.8199,-122.4783,39.9163,116.3972
golden gate bridge,forbidden city,100,100,37.8199,-122.4783,39.9163,116.3972
golden gate bridge,forbidden city,100,100,37.8199,-122.4783,39.9163,116.3972
golden gate bridge,forbidden city,100,100,37.8199,-122.4783,39.9163,116.3972
golden gate bridge,forbidden city,100,100,37.8199,-122.4783,39.9163,116.3972
golden gate bridge,forbidden city,100,100,37.8199,-122.4783,39.9163,116.3972
golden gate bridge,forbidden city,100,100,37.8199,-122.4783,39.9163,116.3972
golden gate bridge,forbidden city,100,100,37.8199,-122.4783,39.9163,116.3972
golden gate bridge,forbidden city,100,100,37.8199,-122.4783,39.9163,116.3972
golden gate bridge,forbidden city,100,100,37.8199,-122.4783,39.9163,116.3972
golden gate bridge,forbidden city,100,100,37.8199,-122.4783,39.9163,116.3972
golden gate bridge,forbidden city,100,100,37.8199,-122.4783,39.9163,116.3972
golden gate bridge,forbidden city,100,100,37.8199,-122.4783,39.9163,116.3972
golden gate bridge,forbidden city,100,100,37.8199,-122.4783,39.9163,116.3972
golden gate bridge,forbidden city,100,100,37.8199,-122.4783,39.9163,116.3972
golden gate bridge,forbidden city,100,100,37.8199,-122.4783,39.9163,116.3972
golden gate bridge,forbidden city,100,100,37.8199,-122.4783,39.9163,116.3972
golden gate bridge,forbidden city,100,100,37.8199,-122.4783,39.9163,116.3972
golden gate bridge,forbidden city,100,100,37.8199,-122.4783,39.9163,116.3972
golden gate bridge,forbidden city,100,100,37.8199,-122.4783,39.9163,116.3972
golden gate bridge,forbidden city,100,100,37.8199,-122.4783,39.9163,116.3972
golden gate bridge,forbidden city,100,100,37.8199,-122.4783,39.9163,116.3972
golden gate bridge,forbidden city,100,100,37.8199,-122.4783,39.9163,116.3972
golden gate bridge,forbidden city,100,100,37.8199,-122.4783,39.9163,116.3972
golden gate bridge,forbidden city,100,100,37.8199,-122.4783,39.9163,116.3972
golden gate bridge,forbidden city,100,100,37.8199,-122.4783,39.9163,116.3972
golden gate bridge,forbidden city,100,100,37.8199,-122.4783,39.9163,116.3972
golden gate bridge,forbidden city,100,100,37.8199,-122.4783,39.9163,116.3972
golden gate bridge,forbidden city,100,100,37.8199,-122.4783,39.9163,116.3972
golden gate bridge,forbidden city,100,100,37.8199,-122.4783,39.9163,116.3972
golden gate bridge,forbidden city,100,100,37.8199,-122.4783,39.9163,116.3972
golden gate bridge,forbidden city,100,100,37.8199,-122.4783,39.9163,116.3972
golden gate bridge,forbidden city,100,100,37.8199,-122.4783,39.9163,116.3972
golden gate bridge,forbidden city,100,100,37.8199,-122.4783,39.9163,116.3972
golden gate bridge,forbidden city,100,100,37.8199,-122.4783,39.9163,116.3972
golden gate bridge,forbidden city,100,100,37.8199,-122.4783,39.9163,116.3972
golden gate bridge,forbidden city,100,100,37.8199,-122.4783,39.9163,116.3972
golden gate bridge,forbidden city,100,100,37.8199,-122.4783,39.9163,116.3972
golden gate bridge,forbidden city,100,100,37.8199,-122.4783,39.9163,116.3972
golden gate bridge,forbidden city,100,100,37.8199,-122.4783,39.9163,116.3972
golden gate bridge,forbidden city,100,100,37.8199,-122.4783,39.9163,116.3972
golden gate bridge,forbidden city,100,100,37.8199,-122.4783,39.9163,116.3972
golden gate bridge,forbidden city,100,100,37.8199,-122.4783,39.9163,116.3972
golden gate bridge,forbidden city,100,100,37.8199,-122.4783,39.9163,116.3972
golden gate bridge,forbidden city,100,100,37.8199,-122.4783,39.9163,116.3972
golden gate bridge,forbidden city,100,100,37.8199,-122.4783,39.9163,116.3972
golden gate bridge,forbidden city,100,100,37.8199,-122.4783,39.9163,116.3972
golden gate bridge,forbidden city,100,100,37.8199,-122.4783,39.9163,116.3972
golden gate bridge,forbidden city,100,100,37.8199,-122.4783,39.9163,116.3972
golden gate bridge,forbidden city,100,100,37.8199,-122.4783,39.9163,116.3972
golden gate bridge,forbidden city,100,100,37.8199,-122.4783,39.9163,116.3972
golden gate bridge,forbidden city,100,100,37.8199,-122.4783,39.9163,116.3972
golden gate bridge,forbidden city,100,100,37.8199,-122.4783,39.9163,116.3972
golden gate bridge,forbidden city,100,100,37.8199,-122.4783,39.9163,116.3972
golden gate bridge,forbidden city,100,100,37.8199,-122.4783,39.9163,116.3972
golden gate bridge,forbidden city,100,100,37.8199,-122.4783,39.9163,116.3972
golden gate bridge,forbidden city,100,100,37.8199,-122.4783,39.9163,116.3972
golden gate bridge,forbidden city,100,100,37.8199,-122.4783,39.9163,116.3972
golden gate bridge,forbidden city,100,100,37.8199,-122.4783,39.9163,116.3972
golden gate bridge,forbidden city,100,100,37.8199,-122.4783,39.9163,116.3972
golden gate bridge,forbidden city,100,100,37.8199,-122.4783,39.9163,116.3972
golden gate bridge,forbidden city,100,100,37.8199,-122.4783,39.9163,116.3972
golden gate bridge,forbidden city,100,100,37.8199,-122.4783,39.9163,116.3972
golden gate bridge,forbidden city,100,100,37.8199,-122.4783,39.9163,116.3972
golden gate bridge,forbidden city,100,100,37.8199,-122.4783,39.9163,116.3972
golden gate bridge,forbidden city,100,100,37.8199,-122.4783,39.9163,116.3972
golden gate bridge,forbidden city,100,100,37.8199,-122.4783,39.9163,116.3972
golden gate bridge,forbidden city,100,100,37.8199,-122.4783,39.9163,116.3972
golden gate bridge,forbidden city,100,100,37.8199,-122.4783,39.9163,116.3972
golden gate bridge,forbidden city,100,100,37.8199,-122.4783,39.9163,116.3972
golden gate bridge,forbidden city,100,100,37.8199,-122.4783,39.9163,116.3972
golden gate bridge,forbidden city,100,100,37.8199,-122.4783,39.9163,116.3972
golden gate bridge,forbidden city,100,100,37.8199,-122.4783,39.9163,116.3972
golden gate bridge,forbidden city,100,100,37.8199,-122.4783,39.9163,116.3972
golden gate bridge,forbidden city,100,100,37.8199,-122.4783,39.9163,116.3972
golden gate bridge,forbidden city,100,100,37.8199,-122.4783,39.9163,116.3972
golden gate bridge,forbidden city,100,100,37.8199,-122.4783,39.9163,116.3972
golden gate bridge,forbidden city,100,100,37.8199,-122.4783,39.9163,116.3972
golden gate bridge,forbidden city,100,100,37.8199,-122.4783,39.9163,116.3972
golden gate bridge,forbidden city,100,100,37.8199,-122.4783,39.9163,116.3972
golden gate bridge,forbidden city,100,100,37.8199,-122.4783,39.9163,116.3972
golden gate bridge,forbidden city,100,100,37.8199,-122.4783,39.9163,116.3972
golden gate bridge,forbidden city,100,100,37.8199,-122.4783,39.9163,116.3972
golden gate bridge,forbidden city,100,100,37.8199,-122.4783,39.9163,116.3972
golden gate bridge,forbidden city,100,100,37.8199,-122.4783,39.9163,116.3972
golden gate bridge,forbidden city,100,100,37.8199,-122.4783,39.9163,116.3972
golden gate bridge,forbidden city,100,100,37.8199,-122.4783,39.9163,116.3972
golden gate bridge,forbidden city,100,100,37.8199,-122.4783,39.9163,116.3972
golden gate bridge,forbidden city,100,100,37.8199,-122.4783,39.9163,116.3972
golden gate bridge,forbidden city,100,100,37.8199,-122.4783,39.9163,116.3972
golden gate bridge,forbidden city,100,100,37.8199,-122.4783,39.9163,116.3972
golden gate bridge,forbidden city,100,100,37.8199,-122.4783,39.9163,116.3972
golden gate bridge,forbidden city,100,100,37.8199,-122.4783,39.9163,116.3972
golden gate bridge,forbidden city,100,100,37.8199,-122.4783,39.9163,116.3972
golden gate bridge,forbidden city,100,100,37.8199,-122.4783,39.9163,116.3972
golden gate bridge,forbidden city,100,100,37.8199,-122.4783,39.9163,116.3972
